timestamp,value,true_label,FluxEV_opt,ATAD,SR,IQR,K_Sigma,ATAD_prob
2026-05-29 08:22:30,7.72,0,0,0,0,0,0,0.0
2026-05-29 08:22:35,7.6615,0,0,0,0,0,0,0.0
2026-05-29 08:22:40,7.7215,0,0,0,0,0,0,0.0
2026-05-29 08:22:45,7.6292,0,0,0,0,0,0,0.0
2026-05-29 08:22:50,7.6629,0,0,0,0,0,0,0.0
2026-05-29 08:22:55,7.6517,0,0,0,0,0,0,0.0
2026-05-29 08:23:00,7.75,0,0,0,0,0,0,0.0
2026-05-29 08:23:05,66.5,0,0,0,0,1,0,0.0
2026-05-29 08:23:10,9.0111,0,0,0,0,0,0,0.0
2026-05-29 08:23:15,9.7222,0,0,0,0,0,0,0.0
2026-05-29 08:23:20,8.5595,0,0,0,0,0,0,0.0
2026-05-29 08:23:25,9.1932,0,0,0,0,0,0,0.0
2026-05-29 08:23:30,8.3523,0,0,0,0,0,0,0.0
2026-05-29 08:23:35,8.0543,0,0,0,0,0,0,0.0
2026-05-29 08:23:40,8.0233,0,0,0,0,0,0,0.0
2026-05-29 08:23:45,8.5581,0,0,0,0,0,0,0.0
2026-05-29 08:23:50,8.2955,0,0,0,0,0,0,0.0
2026-05-29 08:23:55,9.6222,0,0,0,0,0,0,0.0
2026-05-29 08:24:00,8.9318,0,0,0,0,0,0,0.0
2026-05-29 08:24:05,71.7105,0,0,0,0,1,0,0.0
2026-05-29 08:24:10,8.4667,0,0,0,0,0,0,0.0
2026-05-29 08:24:15,8.4222,0,0,0,0,0,0,0.0
2026-05-29 08:24:20,8.7816,0,0,0,0,0,0,0.0
2026-05-29 08:24:25,9.046,0,0,0,0,0,0,0.0
2026-05-29 08:24:30,10.375,0,0,0,0,0,0,0.0
2026-05-29 08:24:35,7.8913,0,0,0,0,0,0,0.0
2026-05-29 08:24:40,9.0964,0,0,0,0,0,0,0.0
2026-05-29 08:24:45,12.4706,0,0,0,0,0,0,0.0
2026-05-29 08:24:50,8.3111,0,0,0,0,0,0,0.0
2026-05-29 08:24:55,8.3667,0,0,0,0,0,0,0.0
2026-05-29 08:25:00,8.9111,0,0,0,0,0,0,0.0
2026-05-29 08:25:05,66.8082,0,0,0,0,1,0,0.0
2026-05-29 08:25:10,9.3258,0,0,0,0,0,0,0.0
2026-05-29 08:25:15,8.6222,0,0,0,0,0,0,0.0
2026-05-29 08:25:20,9.4889,0,0,0,0,0,0,0.0
2026-05-29 08:25:25,11.1932,0,0,0,0,0,0,0.0
2026-05-29 08:25:30,66.2568,0,0,0,0,1,0,0.0
2026-05-29 08:25:35,12.0444,0,0,0,0,0,0,0.01
2026-05-29 08:25:40,55.9268,0,0,0,0,1,0,0.0
2026-05-29 08:25:45,20.5119,0,0,0,0,0,0,0.0
2026-05-29 08:25:50,100.3333,0,0,0,0,1,0,0.0
2026-05-29 08:25:55,126.0278,0,0,0,0,1,0,0.01
2026-05-29 08:26:00,9.0,0,0,0,0,0,0,0.0
2026-05-29 08:26:05,169.3913,0,0,0,0,1,0,0.08
2026-05-29 08:26:10,98.6667,0,0,0,0,1,0,0.01
2026-05-29 08:26:15,284.0556,0,0,0,0,1,0,0.03
2026-05-29 08:26:20,70.8533,0,0,0,0,1,0,0.01
2026-05-29 08:26:25,82.6528,0,0,0,0,1,0,0.0
2026-05-29 08:26:30,90.5278,0,0,0,0,1,0,0.0
2026-05-29 08:26:35,10.8542,0,0,0,0,0,0,0.01
2026-05-29 08:26:40,9.7857,0,0,1,0,0,0,0.73
2026-05-29 08:26:45,9.5747,0,0,0,0,0,0,0.2
2026-05-29 08:26:50,9.5862,0,0,0,0,0,0,0.06
2026-05-29 08:26:55,9.9762,0,0,0,0,0,0,0.05
2026-05-29 08:27:00,9.5104,0,0,0,0,0,0,0.01
2026-05-29 08:27:05,43.8625,0,0,0,0,1,0,0.02
2026-05-29 08:27:10,10.4574,0,0,0,0,0,0,0.0
2026-05-29 08:27:15,25.9875,0,0,0,0,1,0,0.0
2026-05-29 08:27:20,33.4684,1,0,0,0,1,0,0.22
2026-05-29 08:27:25,23.2,1,0,0,0,0,0,0.0
2026-05-29 08:27:30,22.3125,1,0,0,0,0,0,0.0
2026-05-29 08:27:35,21.2024,1,0,0,0,0,0,0.0
2026-05-29 08:27:40,21.2667,1,0,0,0,0,0,0.0
2026-05-29 08:27:45,14.8642,1,0,0,0,0,0,0.0
2026-05-29 08:27:50,23.4767,1,0,0,0,0,0,0.0
2026-05-29 08:27:55,20.8068,1,0,0,0,0,0,0.03
2026-05-29 08:28:00,19.747,1,0,0,0,0,0,0.0
2026-05-29 08:28:05,78.7125,1,0,0,0,1,0,0.01
2026-05-29 08:28:10,37.2683,1,0,0,0,1,0,0.0
2026-05-29 08:28:15,86.3333,1,0,1,0,1,0,0.78
2026-05-29 08:28:20,36.6905,1,0,0,0,1,0,0.08
2026-05-29 08:28:25,85.4429,1,0,0,0,1,0,0.02
2026-05-29 08:28:30,83.9877,1,0,0,0,1,0,0.01
2026-05-29 08:28:35,32.3293,1,0,0,0,1,0,0.0
2026-05-29 08:28:40,19.9762,1,0,0,0,0,0,0.0
2026-05-29 08:28:45,19.7701,1,0,0,0,0,0,0.01
2026-05-29 08:28:50,21.6118,1,0,0,0,0,0,0.01
2026-05-29 08:28:55,20.2,1,0,0,0,0,0,0.01
2026-05-29 08:29:00,22.7882,1,0,0,0,0,0,0.0
2026-05-29 08:29:05,15.9889,1,0,0,0,0,0,0.02
2026-05-29 08:29:10,24.8049,1,0,0,0,0,0,0.04
2026-05-29 08:29:15,25.1667,1,0,0,0,1,0,0.0
2026-05-29 08:29:20,20.9091,1,0,0,0,0,0,0.0
2026-05-29 08:29:25,30.0488,1,0,0,0,1,0,0.0
2026-05-29 08:29:30,24.2093,1,0,0,0,0,0,0.0
2026-05-29 08:29:35,21.7765,1,0,0,0,0,0,0.0
2026-05-29 08:29:40,22.618,1,0,0,0,0,0,0.0
2026-05-29 08:29:45,28.6914,1,0,0,0,1,0,0.0
2026-05-29 08:29:50,20.427,1,0,0,0,0,0,0.0
2026-05-29 08:29:55,23.5714,1,0,0,0,0,0,0.0
2026-05-29 08:30:00,26.1512,1,0,0,0,1,0,0.0
2026-05-29 08:30:05,76.7632,1,0,0,0,1,0,0.0
2026-05-29 08:30:10,25.6049,1,0,0,0,1,0,0.0
2026-05-29 08:30:15,170.0,1,0,0,0,1,0,0.1
2026-05-29 08:30:20,21.4886,1,0,0,0,0,0,0.0
2026-05-29 08:30:25,33.7439,1,0,0,0,1,0,0.0
2026-05-29 08:30:30,34.9881,1,0,0,0,1,0,0.0
2026-05-29 08:30:35,30.4,1,0,0,0,1,0,0.0
2026-05-29 08:30:40,27.9036,1,0,0,0,1,0,0.0
2026-05-29 08:30:45,24.0116,1,0,0,0,0,0,0.0
2026-05-29 08:30:50,25.7857,1,0,0,0,1,0,0.0
2026-05-29 08:30:55,31.1163,1,0,0,0,1,0,0.0
2026-05-29 08:31:00,20.3333,1,0,0,0,0,0,0.0
2026-05-29 08:31:05,88.2703,1,0,0,0,1,0,0.0
2026-05-29 08:31:10,32.9762,1,0,0,0,1,0,0.0
2026-05-29 08:31:15,31.7262,1,0,0,0,1,0,0.0
2026-05-29 08:31:20,24.8214,1,0,0,0,0,0,0.0
2026-05-29 08:31:25,24.2674,1,0,0,0,0,0,0.0
2026-05-29 08:31:30,18.191,1,0,0,0,0,0,0.0
2026-05-29 08:31:35,25.1358,1,0,0,0,1,0,0.0
2026-05-29 08:31:40,25.6548,1,0,0,0,1,0,0.0
2026-05-29 08:31:45,34.2,1,0,0,0,1,0,0.0
2026-05-29 08:31:50,20.5618,1,0,0,0,0,0,0.0
2026-05-29 08:31:55,22.6835,1,0,0,0,0,0,0.0
2026-05-29 08:32:00,21.5114,1,0,0,0,0,0,0.0
2026-05-29 08:32:05,107.8228,1,0,0,0,1,0,0.0
2026-05-29 08:32:10,24.9753,1,0,0,0,0,0,0.0
2026-05-29 08:32:15,21.3625,1,0,0,0,0,0,0.04
2026-05-29 08:32:20,30.3333,1,0,0,0,1,0,0.0
2026-05-29 08:32:25,25.0833,1,0,0,0,0,0,0.0
2026-05-29 08:32:30,22.5595,1,0,0,0,0,0,0.0
2026-05-29 08:32:35,25.7444,1,0,0,0,1,0,0.0
2026-05-29 08:32:40,23.3457,1,0,0,0,0,0,0.0
2026-05-29 08:32:45,17.7955,1,0,0,0,0,0,0.0
2026-05-29 08:32:50,26.0588,1,0,0,0,1,0,0.0
2026-05-29 08:32:55,19.5976,1,0,0,0,0,0,0.01
2026-05-29 08:33:00,23.3778,1,0,0,0,0,0,0.02
2026-05-29 08:33:05,25.5366,1,0,0,0,1,0,0.05
2026-05-29 08:33:10,22.2955,1,0,0,0,0,0,0.14
2026-05-29 08:33:15,25.5517,1,0,1,0,1,0,0.71
2026-05-29 08:33:20,22.0247,1,0,0,0,0,0,0.1
2026-05-29 08:33:25,22.2841,1,0,0,0,0,0,0.0
2026-05-29 08:33:30,21.3563,1,0,0,0,0,0,0.0
2026-05-29 08:33:35,27.0886,1,0,0,0,1,0,0.0
2026-05-29 08:33:40,31.4651,1,0,0,0,1,0,0.0
2026-05-29 08:33:45,26.9545,1,0,0,0,1,0,0.0
2026-05-29 08:33:50,27.3205,1,0,0,0,1,0,0.0
2026-05-29 08:33:55,34.1957,1,0,0,0,1,0,0.0
2026-05-29 08:34:00,24.9634,1,0,0,0,0,0,0.0
2026-05-29 08:34:05,88.4211,1,0,0,0,1,0,0.1
2026-05-29 08:34:10,23.1765,1,0,0,0,0,0,0.03
2026-05-29 08:34:15,26.5647,1,0,0,0,1,0,0.0
2026-05-29 08:34:20,21.7882,1,0,0,0,0,0,0.0
2026-05-29 08:34:25,19.7727,1,0,0,0,0,0,0.0
2026-05-29 08:34:30,30.1429,1,0,0,0,1,0,0.0
2026-05-29 08:34:35,27.7125,1,0,0,0,1,0,0.0
2026-05-29 08:34:40,27.2809,1,0,0,0,1,0,0.0
2026-05-29 08:34:45,26.9398,1,0,0,0,1,0,0.0
2026-05-29 08:34:50,21.4719,1,0,0,0,0,0,0.0
2026-05-29 08:34:55,22.8889,1,0,0,0,0,0,0.0
2026-05-29 08:35:00,24.4881,1,0,0,0,0,0,0.0
2026-05-29 08:35:05,77.1728,1,0,0,0,1,0,0.0
2026-05-29 08:35:10,22.4691,1,0,0,0,0,0,0.0
2026-05-29 08:35:15,22.2442,1,0,0,0,0,0,0.0
2026-05-29 08:35:20,22.809,1,0,0,0,0,0,0.0
2026-05-29 08:35:25,21.5181,1,0,0,0,0,0,0.0
2026-05-29 08:35:30,25.0471,1,0,0,0,0,0,0.0
2026-05-29 08:35:35,20.8736,1,0,0,0,0,0,0.0
2026-05-29 08:35:40,23.8675,1,0,0,0,0,0,0.0
2026-05-29 08:35:45,21.2674,1,0,0,0,0,0,0.0
2026-05-29 08:35:50,18.0568,1,0,0,0,0,0,0.0
2026-05-29 08:35:55,18.6506,1,0,0,0,0,0,0.0
2026-05-29 08:36:00,20.5222,1,0,0,0,0,0,0.0
2026-05-29 08:36:05,97.2533,1,0,0,0,1,0,0.0
2026-05-29 08:36:10,25.8571,1,0,0,0,1,0,0.0
2026-05-29 08:36:15,29.0256,1,0,0,0,1,0,0.0
2026-05-29 08:36:20,24.0,1,0,0,0,0,0,0.0
2026-05-29 08:36:25,20.2593,1,0,0,0,0,0,0.0
2026-05-29 08:36:30,28.7386,1,0,0,0,1,0,0.0
2026-05-29 08:36:35,21.7882,1,0,0,0,0,0,0.0
2026-05-29 08:36:40,18.7108,1,0,0,0,0,0,0.0
2026-05-29 08:36:45,20.875,1,0,0,0,0,0,0.0
2026-05-29 08:36:50,26.4405,1,0,0,0,1,0,0.0
2026-05-29 08:36:55,23.0,1,0,0,0,0,0,0.0
2026-05-29 08:37:00,20.3371,1,0,0,0,0,0,0.0
2026-05-29 08:37:05,92.6923,1,0,0,0,1,0,0.0
2026-05-29 08:37:10,25.4125,1,0,0,0,1,0,0.0
2026-05-29 08:37:15,18.5543,1,0,0,0,0,0,0.0
2026-05-29 08:37:20,7.8372,1,0,0,0,0,0,0.0
2026-05-29 08:37:25,7.7711,1,0,0,0,0,0,0.0
2026-05-29 08:37:30,8.4396,1,0,0,0,0,0,0.01
2026-05-29 08:37:35,7.8409,1,0,0,0,0,0,0.0
2026-05-29 08:37:40,8.3587,1,0,0,0,0,0,0.0
2026-05-29 08:37:45,8.6471,1,0,0,0,0,0,0.0
2026-05-29 08:37:50,8.1685,1,0,0,0,0,0,0.0
2026-05-29 08:37:55,8.1149,1,0,0,0,0,0,0.0
2026-05-29 08:38:00,8.022,1,0,0,0,0,0,0.0
2026-05-29 08:38:05,54.8718,1,0,0,0,1,0,0.0
2026-05-29 08:38:10,10.7841,1,0,0,0,0,0,0.0
2026-05-29 08:38:15,7.6477,1,0,0,0,0,0,0.0
2026-05-29 08:38:20,10.8095,1,0,0,0,0,0,0.0
2026-05-29 08:38:25,12.6023,1,0,0,0,0,0,0.0
2026-05-29 08:38:30,8.4444,1,0,0,0,0,0,0.0
2026-05-29 08:38:35,8.6136,1,0,0,0,0,0,0.0
2026-05-29 08:38:40,8.978,1,0,0,0,0,0,0.0
2026-05-29 08:38:45,7.8916,1,0,0,0,0,0,0.0
2026-05-29 08:38:50,7.8478,1,0,0,0,0,0,0.0
2026-05-29 08:38:55,7.7326,1,0,0,0,0,0,0.0
2026-05-29 08:39:00,11.0227,1,0,0,0,0,0,0.0
2026-05-29 08:39:05,59.9615,1,0,0,0,1,0,0.0
2026-05-29 08:39:10,12.2727,1,0,0,0,0,0,0.0
2026-05-29 08:39:15,9.2609,1,0,0,0,0,0,0.0
2026-05-29 08:39:20,8.4568,1,0,0,0,0,0,0.0
2026-05-29 08:39:25,10.5455,1,0,0,0,0,0,0.0
2026-05-29 08:39:30,9.5714,1,0,0,0,0,0,0.0
2026-05-29 08:39:35,9.5341,1,0,0,0,0,0,0.0
2026-05-29 08:39:40,10.6092,1,0,0,0,0,0,0.0
2026-05-29 08:39:45,11.1047,1,0,0,0,0,0,0.0
2026-05-29 08:39:50,9.4362,1,0,0,0,0,0,0.0
2026-05-29 08:39:55,10.4824,1,0,0,0,0,0,0.0
2026-05-29 08:40:00,9.3827,1,0,0,0,0,0,0.0
2026-05-29 08:40:05,54.7442,1,0,0,0,1,0,0.0
2026-05-29 08:40:10,12.3953,1,0,0,0,0,0,0.0
2026-05-29 08:40:15,8.9412,1,0,0,0,0,0,0.0
2026-05-29 08:40:20,9.2088,1,0,0,0,0,0,0.0
2026-05-29 08:40:25,9.0706,1,0,0,0,0,0,0.0
2026-05-29 08:40:30,18.7159,1,0,0,0,0,0,0.0
2026-05-29 08:40:35,8.7955,1,0,0,0,0,0,0.0
2026-05-29 08:40:40,9.2065,1,0,0,0,0,0,0.0
2026-05-29 08:40:45,10.6235,1,0,0,0,0,0,0.0
2026-05-29 08:40:50,8.5843,1,0,0,0,0,0,0.0
2026-05-29 08:40:55,7.5349,1,0,0,0,0,0,0.0
2026-05-29 08:41:00,7.7045,1,0,0,0,0,0,0.0
2026-05-29 08:41:05,59.9506,1,0,0,0,1,0,0.0
2026-05-29 08:41:10,9.8721,1,0,0,0,0,0,0.0
2026-05-29 08:41:15,9.4255,1,0,0,0,0,0,0.0
2026-05-29 08:41:20,9.6988,1,0,0,0,0,0,0.0
2026-05-29 08:41:25,10.3765,1,0,0,0,0,0,0.0
2026-05-29 08:41:30,8.0444,1,0,0,0,0,0,0.0
2026-05-29 08:41:35,8.1705,1,0,0,0,0,0,0.0
2026-05-29 08:41:40,7.9889,1,0,0,0,0,0,0.0
2026-05-29 08:41:45,8.1932,1,0,0,0,0,0,0.0
2026-05-29 08:41:50,9.8111,1,0,0,0,0,0,0.0
2026-05-29 08:41:55,8.3452,1,0,0,0,0,0,0.0
2026-05-29 08:42:00,9.7614,1,0,0,0,0,0,0.0
2026-05-29 08:42:05,53.6,1,0,0,0,1,0,0.0
2026-05-29 08:42:10,8.8182,1,0,0,0,0,0,0.0
2026-05-29 08:42:15,9.0112,1,0,0,0,0,0,0.0
2026-05-29 08:42:20,8.3977,1,0,0,0,0,0,0.0
2026-05-29 08:42:25,8.1605,1,0,0,0,0,0,0.0
2026-05-29 08:42:30,13.117,1,0,0,0,0,0,0.0
2026-05-29 08:42:35,9.241,1,0,0,0,0,0,0.0
2026-05-29 08:42:40,8.5957,1,0,0,0,0,0,0.0
2026-05-29 08:42:45,8.7791,1,0,0,0,0,0,0.0
2026-05-29 08:42:50,10.7303,1,0,0,0,0,0,0.0
2026-05-29 08:42:55,8.7294,1,0,0,0,0,0,0.0
2026-05-29 08:43:00,10.0233,1,0,0,0,0,0,0.0
2026-05-29 08:43:05,44.3059,1,0,0,0,1,0,0.0
2026-05-29 08:43:10,8.4651,1,0,0,0,0,0,0.0
2026-05-29 08:43:15,10.3407,1,0,0,0,0,0,0.0
2026-05-29 08:43:20,10.2791,1,0,0,0,0,0,0.0
2026-05-29 08:43:25,8.7654,1,0,0,0,0,0,0.0
2026-05-29 08:43:30,8.5312,1,0,0,0,0,0,0.0
2026-05-29 08:43:35,9.5556,1,0,0,0,0,0,0.0
2026-05-29 08:43:40,9.1667,1,0,0,0,0,0,0.0
2026-05-29 08:43:45,8.869,1,0,0,0,0,0,0.0
2026-05-29 08:43:50,8.1648,1,0,0,0,0,0,0.0
2026-05-29 08:43:55,9.0116,1,0,0,0,0,0,0.0
2026-05-29 08:44:00,8.5059,1,0,0,0,0,0,0.0
2026-05-29 08:44:05,48.1628,1,0,0,0,1,0,0.0
2026-05-29 08:44:10,10.7262,1,0,0,0,0,0,0.0
2026-05-29 08:44:15,9.1444,1,0,0,0,0,0,0.0
2026-05-29 08:44:20,12.2976,1,0,0,0,0,0,0.0
2026-05-29 08:44:25,9.5227,1,0,0,0,0,0,0.0
2026-05-29 08:44:30,8.5652,1,0,0,0,0,0,0.0
2026-05-29 08:44:35,9.093,1,0,0,0,0,0,0.0
2026-05-29 08:44:40,9.7333,1,0,0,0,0,0,0.0
2026-05-29 08:44:45,8.561,1,0,0,0,0,0,0.0
2026-05-29 08:44:50,8.0833,1,0,0,0,0,0,0.0
2026-05-29 08:44:55,8.4146,1,0,0,0,0,0,0.0
2026-05-29 08:45:00,7.967,1,0,0,0,0,0,0.0
2026-05-29 08:45:05,62.5949,1,0,0,0,1,0,0.0
2026-05-29 08:45:10,8.2619,1,0,0,0,0,0,0.0
2026-05-29 08:45:15,8.0104,1,0,0,0,0,0,0.0
2026-05-29 08:45:20,8.25,1,0,0,0,0,0,0.0
2026-05-29 08:45:25,8.2637,1,0,0,0,0,0,0.0
2026-05-29 08:45:30,8.9036,1,0,0,0,0,0,0.0
2026-05-29 08:45:35,8.5227,1,0,0,0,0,0,0.0
2026-05-29 08:45:40,9.4565,1,0,0,0,0,0,0.0
2026-05-29 08:45:45,7.5287,1,0,0,0,0,0,0.0
2026-05-29 08:45:50,9.5333,1,0,0,0,0,0,0.0
2026-05-29 08:45:55,7.622,1,0,0,0,0,0,0.0
2026-05-29 08:46:00,8.1263,1,0,0,0,0,0,0.0
2026-05-29 08:46:05,68.039,1,1,0,0,1,0,0.0
2026-05-29 08:46:10,10.0682,1,0,0,0,0,0,0.0
2026-05-29 08:46:15,8.8791,1,0,0,0,0,0,0.0
2026-05-29 08:46:20,8.5875,1,0,0,0,0,0,0.0
2026-05-29 08:46:25,8.0215,1,0,0,0,0,0,0.0
2026-05-29 08:46:30,8.6628,1,0,0,1,0,0,0.0
2026-05-29 08:46:35,8.1277,1,0,0,1,0,0,0.0
2026-05-29 08:46:40,8.1429,1,0,0,1,0,0,0.0
2026-05-29 08:46:45,8.314,1,0,0,0,0,0,0.0
2026-05-29 08:46:50,8.2556,1,0,0,1,0,0,0.0
2026-05-29 08:46:55,7.7614,1,0,0,1,0,0,0.0
2026-05-29 08:47:00,8.0659,1,0,0,1,0,0,0.0
2026-05-29 08:47:05,94.6133,1,0,0,1,1,0,0.0
2026-05-29 08:47:10,14.9535,1,0,0,0,0,0,0.0
2026-05-29 08:47:15,8.0435,1,0,0,0,0,0,0.0
2026-05-29 08:47:20,8.0588,0,0,0,0,0,0,0.0
2026-05-29 08:47:25,9.7033,0,0,0,0,0,0,0.0
2026-05-29 08:47:30,8.8721,0,0,0,1,0,0,0.0
2026-05-29 08:47:35,8.0659,0,0,0,1,0,0,0.0
2026-05-29 08:47:40,8.1098,0,0,0,1,0,0,0.0
2026-05-29 08:47:45,7.5682,0,0,0,1,0,0,0.0
2026-05-29 08:47:50,7.4835,0,0,0,1,0,0,0.0
2026-05-29 08:47:55,7.5909,0,0,0,1,0,0,0.0
2026-05-29 08:48:00,7.8132,0,0,0,1,0,0,0.0
2026-05-29 08:48:05,85.8919,0,1,0,1,1,0,0.0
2026-05-29 08:48:10,74.1625,0,0,0,0,1,0,0.0
2026-05-29 08:48:15,48.1795,0,0,0,0,1,0,0.0
2026-05-29 08:48:20,61.8,0,0,0,0,1,0,0.0
2026-05-29 08:48:25,14.9367,0,0,0,0,0,0,0.0
2026-05-29 08:48:30,192.0154,0,0,0,0,1,0,0.05
2026-05-29 08:48:35,43.2222,0,0,0,0,1,0,0.0
2026-05-29 08:48:40,37.3563,0,0,0,0,1,0,0.0
2026-05-29 08:48:45,10.2674,0,0,0,0,0,0,0.0
2026-05-29 08:48:50,67.3378,0,0,0,0,1,0,0.0
2026-05-29 08:48:55,15.4607,0,0,0,0,0,0,0.0
2026-05-29 08:49:00,8.2069,0,0,0,0,0,0,0.0
2026-05-29 08:49:05,67.4605,0,0,0,0,1,0,0.0
2026-05-29 08:49:10,8.5652,0,0,0,0,0,0,0.0
2026-05-29 08:49:15,10.1724,0,0,0,0,0,0,0.0
2026-05-29 08:49:20,7.4111,0,0,0,0,0,0,0.0
2026-05-29 08:49:25,7.5059,0,0,0,0,0,0,0.0
2026-05-29 08:49:30,7.9659,0,0,0,0,0,0,0.0
2026-05-29 08:49:35,8.1848,0,0,0,0,0,0,0.0
2026-05-29 08:49:40,8.8851,0,0,0,0,0,0,0.0
2026-05-29 08:49:45,10.5465,0,0,0,0,0,0,0.0
2026-05-29 08:49:50,8.6118,0,0,0,0,0,0,0.0
2026-05-29 08:49:55,8.1739,0,0,0,0,0,0,0.0
2026-05-29 08:50:00,8.9659,0,0,0,0,0,0,0.0
2026-05-29 08:50:05,79.92,0,0,0,0,1,0,0.0
2026-05-29 08:50:10,8.3222,0,0,0,0,0,0,0.0
2026-05-29 08:50:15,10.8333,0,0,0,0,0,0,0.0
2026-05-29 08:50:20,8.619,0,0,0,0,0,0,0.0
2026-05-29 08:50:25,8.0227,0,0,0,0,0,0,0.0
2026-05-29 08:50:30,10.5227,0,0,0,0,0,0,0.0
2026-05-29 08:50:35,8.2391,0,0,0,0,0,0,0.0
2026-05-29 08:50:40,8.4535,0,0,0,0,0,0,0.0
2026-05-29 08:50:45,8.1977,0,0,0,0,0,0,0.0
2026-05-29 08:50:50,8.2159,0,0,0,0,0,0,0.0
2026-05-29 08:50:55,8.7667,0,0,0,0,0,0,0.0
2026-05-29 08:51:00,8.2045,0,0,0,0,0,0,0.0
2026-05-29 08:51:05,69.5526,0,1,0,0,1,0,0.0
2026-05-29 08:51:10,8.9778,0,0,0,0,0,0,0.0
2026-05-29 08:51:15,8.6333,0,0,0,0,0,0,0.0
2026-05-29 08:51:20,10.0698,0,0,0,0,0,0,0.0
2026-05-29 08:51:25,9.7614,0,0,0,0,0,0,0.0
2026-05-29 08:51:30,8.3182,0,0,0,0,0,0,0.0
2026-05-29 08:51:35,51.7125,0,0,0,0,1,0,0.0
2026-05-29 08:51:40,65.4231,0,0,0,0,1,0,0.0
2026-05-29 08:51:45,11.6,0,0,0,0,0,0,0.0
2026-05-29 08:51:50,8.4146,0,0,0,0,0,0,0.0
2026-05-29 08:51:55,10.7333,0,0,0,0,0,0,0.0
2026-05-29 08:52:00,58.3523,0,0,0,0,1,0,0.0
2026-05-29 08:52:05,88.6857,0,0,0,0,1,0,0.0
2026-05-29 08:52:10,10.3797,0,0,0,0,0,0,0.0
2026-05-29 08:52:15,10.5376,0,0,0,0,0,0,0.0
2026-05-29 08:52:20,8.8721,0,0,0,0,0,0,0.0
2026-05-29 08:52:25,8.6374,0,0,0,0,0,0,0.0
2026-05-29 08:52:30,10.5059,0,0,0,0,0,0,0.0
2026-05-29 08:52:35,9.6506,0,0,0,0,0,0,0.0
2026-05-29 08:52:40,8.1579,0,0,0,0,0,0,0.0
2026-05-29 08:52:45,8.7738,0,0,0,0,0,0,0.0
2026-05-29 08:52:50,9.4565,0,0,0,0,0,0,0.0
2026-05-29 08:52:55,9.4167,0,0,0,0,0,0,0.0
2026-05-29 08:53:00,8.4421,0,0,0,0,0,0,0.0
2026-05-29 08:53:05,9.9759,0,0,0,0,0,0,0.0
2026-05-29 08:53:10,8.4176,0,0,0,0,0,0,0.0
2026-05-29 08:53:15,8.3882,0,0,0,0,0,0,0.0
2026-05-29 08:53:20,8.6977,0,0,0,0,0,0,0.0
2026-05-29 08:53:25,7.914,0,0,0,0,0,0,0.0
2026-05-29 08:53:30,8.4146,0,0,0,0,0,0,0.0
2026-05-29 08:53:35,9.4516,0,0,0,0,0,0,0.0
2026-05-29 08:53:40,9.381,0,0,0,0,0,0,0.0
2026-05-29 08:53:45,8.5417,0,0,0,0,0,0,0.0
2026-05-29 08:53:50,10.2651,0,0,0,0,0,0,0.0
2026-05-29 08:53:55,8.9753,0,0,0,0,0,0,0.0
2026-05-29 08:54:00,11.7021,0,0,0,0,0,0,0.0
2026-05-29 08:54:05,43.4487,0,0,0,0,1,0,0.0
2026-05-29 08:54:10,73.0658,0,0,0,0,1,0,0.0
2026-05-29 08:54:15,8.6739,0,0,0,0,0,0,0.0
2026-05-29 08:54:20,9.2738,0,0,0,0,0,0,0.0
2026-05-29 08:54:25,10.7444,0,0,0,0,0,0,0.0
2026-05-29 08:54:30,8.6136,0,0,0,0,0,0,0.0
2026-05-29 08:54:35,9.8675,0,0,0,0,0,0,0.0
2026-05-29 08:54:40,11.2796,0,0,0,0,0,0,0.0
2026-05-29 08:54:45,8.1786,0,0,0,0,0,0,0.0
2026-05-29 08:54:50,8.2553,0,0,0,0,0,0,0.0
2026-05-29 08:54:55,8.0824,0,0,0,0,0,0,0.0
2026-05-29 08:55:00,8.5761,0,0,0,0,0,0,0.0
2026-05-29 08:55:05,65.8533,0,1,0,0,1,0,0.0
2026-05-29 08:55:10,8.5814,0,0,0,0,0,0,0.0
2026-05-29 08:55:15,8.8191,0,0,0,0,0,0,0.0
2026-05-29 08:55:20,69.3766,0,0,0,0,1,0,0.0
2026-05-29 08:55:25,8.8556,0,0,0,0,0,0,0.0
2026-05-29 08:55:30,8.5862,0,0,0,0,0,0,0.0
2026-05-29 08:55:35,10.5181,0,0,0,0,0,0,0.0
2026-05-29 08:55:40,8.4468,0,0,0,0,0,0,0.0
2026-05-29 08:55:45,8.686,0,0,0,0,0,0,0.0
2026-05-29 08:55:50,12.1647,0,0,0,0,0,0,0.0
2026-05-29 08:55:55,9.8,0,0,0,0,0,0,0.0
2026-05-29 08:56:00,10.1839,0,0,0,0,0,0,0.0
2026-05-29 08:56:05,58.141,0,0,0,0,1,0,0.0
2026-05-29 08:56:10,10.6222,0,0,0,0,0,0,0.0
2026-05-29 08:56:15,9.6889,0,0,0,0,0,0,0.0
2026-05-29 08:56:20,8.2874,0,0,0,0,0,0,0.0
2026-05-29 08:56:25,8.1647,0,0,0,0,0,0,0.0
2026-05-29 08:56:30,14.0,0,0,0,0,0,0,0.0
2026-05-29 08:56:35,7.9759,0,0,0,0,0,0,0.0
2026-05-29 08:56:40,9.2065,0,0,0,0,0,0,0.0
2026-05-29 08:56:45,8.1839,0,0,0,0,0,0,0.0
2026-05-29 08:56:50,7.7955,0,0,0,0,0,0,0.0
2026-05-29 08:56:55,8.0778,0,0,0,0,0,0,0.0
2026-05-29 08:57:00,7.9213,0,0,0,0,0,0,0.0
2026-05-29 08:57:05,68.6883,0,0,0,0,1,0,0.0
2026-05-29 08:57:10,15.2273,0,0,0,0,0,0,0.0
2026-05-29 08:57:15,73.7,0,0,0,0,1,0,0.0
2026-05-29 08:57:20,119.4861,1,0,0,0,1,0,0.0
2026-05-29 08:57:25,130.4242,1,0,0,0,1,0,0.0
2026-05-29 08:57:30,125.7564,1,0,0,0,1,0,0.0
2026-05-29 08:57:35,128.2879,1,0,0,0,1,0,0.0
2026-05-29 08:57:40,162.7794,1,0,0,0,1,0,0.0
2026-05-29 08:57:45,147.1507,1,0,0,0,1,0,0.0
2026-05-29 08:57:50,151.4493,1,0,0,0,1,0,0.0
2026-05-29 08:57:55,139.662,1,0,0,0,1,0,0.0
2026-05-29 08:58:00,130.8732,1,0,0,0,1,0,0.0
2026-05-29 08:58:05,240.7538,1,0,0,0,1,0,0.08
2026-05-29 08:58:10,127.9545,1,0,0,0,1,0,0.0
2026-05-29 08:58:15,125.831,1,0,0,0,1,0,0.0
2026-05-29 08:58:20,129.8056,1,0,0,0,1,0,0.0
2026-05-29 08:58:25,132.6389,1,0,0,0,1,0,0.0
2026-05-29 08:58:30,131.7465,1,0,0,0,1,0,0.0
2026-05-29 08:58:35,131.4478,1,0,0,0,1,0,0.03
2026-05-29 08:58:40,245.8644,1,1,1,0,1,0,0.62
2026-05-29 08:58:45,117.3699,1,0,0,0,1,0,0.03
2026-05-29 08:58:50,237.3235,1,0,0,0,1,0,0.07
2026-05-29 08:58:55,145.3971,1,0,0,0,1,0,0.0
2026-05-29 08:59:00,122.4286,1,0,0,0,1,0,0.0
2026-05-29 08:59:05,181.3065,1,0,0,0,1,0,0.04
2026-05-29 08:59:10,144.0972,1,0,0,0,1,0,0.0
2026-05-29 08:59:15,141.1449,1,0,0,0,1,0,0.0
2026-05-29 08:59:20,135.8592,1,0,0,0,1,0,0.0
2026-05-29 08:59:25,116.7222,1,0,0,0,1,0,0.01
2026-05-29 08:59:30,116.0274,1,0,0,0,1,0,0.0
2026-05-29 08:59:35,125.3194,1,0,0,0,1,0,0.0
2026-05-29 08:59:40,138.3803,1,0,0,0,1,0,0.03
2026-05-29 08:59:45,126.9155,1,0,0,0,1,0,0.01
2026-05-29 08:59:50,127.0,1,0,0,0,1,0,0.03
2026-05-29 08:59:55,152.2609,1,0,0,0,1,0,0.02
2026-05-29 09:00:00,147.7083,1,0,0,0,1,0,0.07
2026-05-29 09:00:05,139.9857,1,0,1,0,1,0,0.78
2026-05-29 09:00:10,144.4444,1,0,0,0,1,0,0.07
2026-05-29 09:00:15,136.5915,1,0,0,0,1,0,0.07
2026-05-29 09:00:20,197.5192,1,0,0,0,1,0,0.0
2026-05-29 09:00:25,167.25,1,0,0,0,1,0,0.02
2026-05-29 09:00:30,169.8841,1,0,0,0,1,0,0.01
2026-05-29 09:00:35,153.8551,1,0,0,0,1,0,0.0
2026-05-29 09:00:40,142.6389,1,0,0,0,1,0,0.04
2026-05-29 09:00:45,188.1791,1,0,0,0,1,0,0.0
2026-05-29 09:00:50,131.1111,1,0,0,0,1,0,0.04
2026-05-29 09:00:55,125.3472,1,0,0,0,1,0,0.04
2026-05-29 09:01:00,141.9167,1,0,0,0,1,0,0.0
2026-05-29 09:01:05,195.35,1,0,0,0,1,0,0.0
2026-05-29 09:01:10,135.5758,1,0,0,0,1,0,0.03
2026-05-29 09:01:15,143.507,1,0,0,0,1,0,0.08
2026-05-29 09:01:20,165.2319,1,0,1,0,1,0,0.65
2026-05-29 09:01:25,122.0694,1,0,0,0,1,0,0.09
2026-05-29 09:01:30,113.1918,1,0,0,0,1,0,0.02
2026-05-29 09:01:35,118.2222,1,0,0,0,1,0,0.0
2026-05-29 09:01:40,117.5139,1,0,0,0,1,0,0.0
2026-05-29 09:01:45,113.2466,1,0,0,0,1,0,0.0
2026-05-29 09:01:50,143.5915,1,0,0,0,1,0,0.06
2026-05-29 09:01:55,124.375,1,0,0,0,1,0,0.03
2026-05-29 09:02:00,123.1096,1,0,0,0,1,0,0.05
2026-05-29 09:02:05,117.5972,1,0,0,0,1,0,0.01
2026-05-29 09:02:10,130.4648,1,0,0,0,1,0,0.15
2026-05-29 09:02:15,123.1111,1,0,1,0,1,0,0.57
2026-05-29 09:02:20,114.3889,1,0,0,0,1,0,0.15
2026-05-29 09:02:25,122.1831,1,0,0,0,1,0,0.03
2026-05-29 09:02:30,115.6027,1,0,0,0,1,0,0.0
2026-05-29 09:02:35,123.7083,1,0,0,0,1,0,0.04
2026-05-29 09:02:40,115.8889,1,0,0,0,1,0,0.01
2026-05-29 09:02:45,121.5139,1,0,0,0,1,0,0.01
2026-05-29 09:02:50,114.9315,1,0,0,0,1,0,0.03
2026-05-29 09:02:55,120.9444,1,0,0,0,1,0,0.02
2026-05-29 09:03:00,115.2778,1,0,0,0,1,0,0.03
2026-05-29 09:03:05,122.4384,1,0,0,0,1,0,0.2
2026-05-29 09:03:10,120.75,1,0,1,0,1,0,0.7
2026-05-29 09:03:15,147.3857,1,0,0,0,1,0,0.02
2026-05-29 09:03:20,119.9733,1,0,0,0,1,0,0.09
2026-05-29 09:03:25,137.2754,1,0,0,0,1,0,0.03
2026-05-29 09:03:30,116.9859,1,0,0,0,1,0,0.01
2026-05-29 09:03:35,123.9722,1,0,0,0,1,0,0.03
2026-05-29 09:03:40,116.2632,1,0,0,0,1,0,0.01
2026-05-29 09:03:45,125.7681,1,0,0,0,1,0,0.06
2026-05-29 09:03:50,120.5467,1,0,1,0,1,0,0.65
2026-05-29 09:03:55,127.4028,1,0,0,0,1,0,0.14
2026-05-29 09:04:00,114.0417,1,0,0,0,1,0,0.1
2026-05-29 09:04:05,212.0156,1,0,0,0,1,0,0.0
2026-05-29 09:04:10,117.4444,1,0,0,0,1,0,0.0
2026-05-29 09:04:15,126.507,1,0,0,0,1,0,0.0
2026-05-29 09:04:20,112.7123,1,0,0,0,1,0,0.0
2026-05-29 09:04:25,154.6269,1,0,0,0,1,0,0.0
2026-05-29 09:04:30,192.6,1,0,0,0,1,0,0.0
2026-05-29 09:04:35,142.1667,1,0,0,0,1,0,0.0
2026-05-29 09:04:40,119.1493,1,0,0,0,1,0,0.0
2026-05-29 09:04:45,119.6842,1,0,0,0,1,0,0.0
2026-05-29 09:04:50,122.8676,1,0,0,0,1,0,0.0
2026-05-29 09:04:55,114.1467,1,0,0,0,1,0,0.0
2026-05-29 09:05:00,121.0972,1,0,0,0,1,0,0.0
2026-05-29 09:05:05,183.4138,1,0,0,0,1,0,0.02
2026-05-29 09:05:10,118.0417,1,0,0,0,1,0,0.01
2026-05-29 09:05:15,122.8649,1,0,0,0,1,0,0.05
2026-05-29 09:05:20,114.32,1,0,0,0,1,0,0.06
2026-05-29 09:05:25,116.5833,1,0,1,0,1,0,0.56
2026-05-29 09:05:30,112.4306,1,0,0,0,1,0,0.1
2026-05-29 09:05:35,116.2222,1,0,0,0,1,0,0.01
2026-05-29 09:05:40,127.4583,1,0,0,0,1,0,0.0
2026-05-29 09:05:45,137.4429,1,0,0,0,1,0,0.0
2026-05-29 09:05:50,128.4306,1,0,0,0,1,0,0.0
2026-05-29 09:05:55,130.0833,1,0,0,0,1,0,0.01
2026-05-29 09:06:00,121.4167,1,0,0,0,1,0,0.02
2026-05-29 09:06:05,189.6769,1,0,0,0,1,0,0.0
2026-05-29 09:06:10,140.2029,1,0,0,0,1,0,0.0
2026-05-29 09:06:15,121.9178,1,0,0,0,1,0,0.0
2026-05-29 09:06:20,128.8333,1,0,0,0,1,0,0.06
2026-05-29 09:06:25,122.8571,1,0,1,0,1,0,0.64
2026-05-29 09:06:30,159.7606,1,0,0,0,1,0,0.07
2026-05-29 09:06:35,114.2877,1,0,0,0,1,0,0.05
2026-05-29 09:06:40,132.04,1,0,0,0,1,0,0.01
2026-05-29 09:06:45,116.6818,1,0,0,0,1,0,0.01
2026-05-29 09:06:50,130.2432,1,0,0,0,1,0,0.02
2026-05-29 09:06:55,121.8472,1,0,0,0,1,0,0.02
2026-05-29 09:07:00,124.9306,1,0,0,0,1,0,0.09
2026-05-29 09:07:05,186.5397,1,0,0,0,1,0,0.04
2026-05-29 09:07:10,128.3944,1,0,0,0,1,0,0.04
2026-05-29 09:07:15,43.9375,1,0,0,0,1,0,0.06
2026-05-29 09:07:20,8.4719,1,0,0,0,0,0,0.03
2026-05-29 09:07:25,8.4222,1,0,0,0,0,0,0.07
2026-05-29 09:07:30,8.1047,1,0,1,1,0,0,0.72
2026-05-29 09:07:35,8.1839,1,0,0,1,0,0,0.01
2026-05-29 09:07:40,9.1222,1,0,0,0,0,0,0.01
2026-05-29 09:07:45,39.3165,1,0,0,0,1,0,0.02
2026-05-29 09:07:50,8.7889,1,0,0,0,0,0,0.0
2026-05-29 09:07:55,141.0429,1,1,0,0,1,0,0.0
2026-05-29 09:08:00,49.1667,1,0,0,0,1,0,0.04
2026-05-29 09:08:05,15.5909,1,0,0,0,0,0,0.11
2026-05-29 09:08:10,8.1889,1,0,0,0,0,0,0.01
2026-05-29 09:08:15,8.5,1,0,0,0,0,0,0.01
2026-05-29 09:08:20,8.092,1,0,0,0,0,0,0.09
2026-05-29 09:08:25,8.4889,1,0,0,0,0,0,0.0
2026-05-29 09:08:30,9.6897,1,0,0,0,0,0,0.01
2026-05-29 09:08:35,11.4,1,0,0,0,0,0,0.01
2026-05-29 09:08:40,10.8571,1,0,0,0,0,0,0.0
2026-05-29 09:08:45,8.7727,1,0,0,0,0,0,0.07
2026-05-29 09:08:50,9.382,1,0,0,0,0,0,0.06
2026-05-29 09:08:55,8.0682,1,0,1,0,0,0,0.6
2026-05-29 09:09:00,46.3837,1,0,0,0,1,0,0.03
2026-05-29 09:09:05,207.625,1,1,0,0,1,0,0.01
2026-05-29 09:09:10,9.6,1,0,0,0,0,0,0.03
2026-05-29 09:09:15,41.1348,1,0,0,0,1,0,0.0
2026-05-29 09:09:20,24.4359,1,0,0,0,0,0,0.0
2026-05-29 09:09:25,11.0667,1,0,0,0,0,0,0.0
2026-05-29 09:09:30,8.7303,1,0,0,0,0,0,0.01
2026-05-29 09:09:35,97.8571,1,0,0,0,1,0,0.03
2026-05-29 09:09:40,12.5952,1,0,0,0,0,0,0.0
2026-05-29 09:09:45,22.7955,1,0,0,0,0,0,0.02
2026-05-29 09:09:50,14.8721,1,0,0,0,0,0,0.06
2026-05-29 09:09:55,10.4239,1,0,1,0,0,0,0.63
2026-05-29 09:10:00,10.5,1,0,0,0,0,0,0.08
2026-05-29 09:10:05,68.6711,1,0,0,0,1,0,0.14
2026-05-29 09:10:10,12.9111,1,0,0,0,0,0,0.02
2026-05-29 09:10:15,9.75,1,0,0,0,0,0,0.0
2026-05-29 09:10:20,8.3708,1,0,0,0,0,0,0.0
2026-05-29 09:10:25,8.2299,1,0,0,0,0,0,0.01
2026-05-29 09:10:30,60.4133,1,0,0,0,1,0,0.0
2026-05-29 09:10:35,13.1848,1,0,0,0,0,0,0.03
2026-05-29 09:10:40,9.0568,1,0,0,0,0,0,0.0
2026-05-29 09:10:45,8.9277,1,0,0,0,0,0,0.0
2026-05-29 09:10:50,12.3258,1,0,0,0,0,0,0.0
2026-05-29 09:10:55,9.3023,1,0,0,0,0,0,0.0
2026-05-29 09:11:00,8.9468,1,0,0,0,0,0,0.09
2026-05-29 09:11:05,55.0123,1,0,0,0,1,0,0.07
2026-05-29 09:11:10,9.0976,1,0,0,0,0,0,0.0
2026-05-29 09:11:15,8.3261,1,0,0,0,0,0,0.01
2026-05-29 09:11:20,9.8571,1,0,0,0,0,0,0.01
2026-05-29 09:11:25,8.9688,1,0,0,0,0,0,0.03
2026-05-29 09:11:30,9.6667,1,0,1,0,0,0,0.61
2026-05-29 09:11:35,8.1828,1,0,0,0,0,0,0.12
2026-05-29 09:11:40,8.7381,1,0,0,0,0,0,0.02
2026-05-29 09:11:45,10.3152,1,0,0,0,0,0,0.01
2026-05-29 09:11:50,9.0471,1,0,0,0,0,0,0.0
2026-05-29 09:11:55,8.3605,1,0,0,0,0,0,0.01
2026-05-29 09:12:00,8.7312,1,0,0,0,0,0,0.04
2026-05-29 09:12:05,82.1974,1,0,0,0,1,0,0.0
2026-05-29 09:12:10,9.9398,1,0,0,0,0,0,0.0
2026-05-29 09:12:15,14.9149,1,0,0,0,0,0,0.0
2026-05-29 09:12:20,25.9487,1,0,0,0,1,0,0.0
2026-05-29 09:12:25,17.6875,1,0,0,0,0,0,0.0
2026-05-29 09:12:30,9.2262,1,0,0,0,0,0,0.0
2026-05-29 09:12:35,9.3929,1,0,0,0,0,0,0.0
2026-05-29 09:12:40,9.5667,1,0,0,0,0,0,0.01
2026-05-29 09:12:45,9.2326,1,0,1,0,0,0,0.69
2026-05-29 09:12:50,119.087,1,1,0,0,1,0,0.0
2026-05-29 09:12:55,8.5,1,0,0,0,0,0,0.0
2026-05-29 09:13:00,9.1548,1,0,0,0,0,0,0.02
2026-05-29 09:13:05,44.6282,1,0,0,0,1,0,0.03
2026-05-29 09:13:10,9.6889,1,0,0,0,0,0,0.0
2026-05-29 09:13:15,8.7674,1,0,0,0,0,0,0.0
2026-05-29 09:13:20,61.5974,1,0,0,0,1,0,0.0
2026-05-29 09:13:25,90.5946,1,0,0,0,1,0,0.0
2026-05-29 09:13:30,9.7065,1,0,0,0,0,0,0.0
2026-05-29 09:13:35,82.125,1,0,0,0,1,0,0.0
2026-05-29 09:13:40,9.8125,1,0,0,0,0,0,0.0
2026-05-29 09:13:45,9.3587,1,0,0,0,0,0,0.0
2026-05-29 09:13:50,1615.1176,1,1,0,0,1,1,0.0
2026-05-29 09:14:00,2462.5,1,1,0,1,1,1,0.02
2026-05-29 09:14:05,6461.125,1,1,1,1,1,1,0.62
2026-05-29 09:14:10,2468.0,1,0,0,1,1,1,0.08
2026-05-29 09:14:15,2959.2,1,0,0,1,1,1,0.1
2026-05-29 09:14:20,283.0517,1,1,0,1,1,0,0.01
2026-05-29 09:14:25,3.093,1,1,1,1,0,0,0.8
2026-05-29 09:14:30,6.9255,1,0,0,1,0,0,0.18
2026-05-29 09:14:35,9.3333,1,0,0,1,0,0,0.0301
2026-05-29 09:14:40,13.0,1,0,0,1,0,0,0.0001
2026-05-29 09:14:45,10.1205,1,0,0,1,0,0,0.0001
2026-05-29 09:14:50,9.1413,1,0,0,1,0,0,0.0001
2026-05-29 09:14:55,16.593,1,0,0,1,0,0,0.0201
2026-05-29 09:15:00,16.3659,1,0,0,1,0,0,0.0101
2026-05-29 09:15:05,53.9231,1,0,0,1,1,0,0.1201
2026-05-29 09:15:10,12.2717,1,0,0,1,0,0,0.0101
2026-05-29 09:15:15,10.6,1,0,0,1,0,0,0.0101
2026-05-29 09:15:20,9.0444,1,0,0,1,0,0,0.0501
2026-05-29 09:15:25,9.7143,1,0,1,1,0,0,0.55
2026-05-29 09:15:30,10.4839,1,0,0,1,0,0,0.18
2026-05-29 09:15:35,8.369,1,0,0,1,0,0,0.03
2026-05-29 09:15:40,9.0581,1,0,0,1,0,0,0.0001
2026-05-29 09:15:45,7.7143,1,0,0,1,0,0,0.0
2026-05-29 09:15:50,9.0795,1,0,0,0,0,0,0.0001
2026-05-29 09:15:55,8.6593,1,0,0,0,0,0,0.0001
2026-05-29 09:16:00,8.9294,1,0,0,0,0,0,0.0001
2026-05-29 09:16:05,49.0,1,0,0,0,1,0,0.1421
2026-05-29 09:16:10,16.9565,1,0,0,0,0,0,0.0001
2026-05-29 09:16:15,17.9294,1,0,0,0,0,0,0.0001
2026-05-29 09:16:20,10.0449,1,0,0,0,0,0,0.0001
2026-05-29 09:16:25,12.5663,1,0,0,0,0,0,0.0201
2026-05-29 09:16:30,9.8636,1,0,0,0,0,0,0.0201
2026-05-29 09:16:35,9.5778,1,0,0,0,0,0,0.0001
2026-05-29 09:16:40,9.2727,1,0,0,0,0,0,0.0001
2026-05-29 09:16:45,8.3678,1,0,0,0,0,0,0.0
2026-05-29 09:16:50,9.125,1,0,0,0,0,0,0.0001
2026-05-29 09:16:55,9.3297,1,0,0,0,0,0,0.0251
2026-05-29 09:17:00,8.4941,1,0,0,0,0,0,0.01
2026-05-29 09:17:05,58.75,1,1,1,0,1,0,0.715
2026-05-29 09:17:10,35.1463,1,0,0,0,1,0,0.0951
2026-05-29 09:17:15,11.0568,1,0,0,0,0,0,0.0001
2026-05-29 09:17:20,8.6522,0,0,0,0,0,0,0.0001
2026-05-29 09:17:25,10.5402,0,0,0,0,0,0,0.0001
2026-05-29 09:17:30,9.0118,0,0,0,0,0,0,0.0001
2026-05-29 09:17:35,8.2778,0,0,0,0,0,0,0.0
2026-05-29 09:17:40,9.8523,0,0,0,0,0,0,0.0001
2026-05-29 09:17:45,9.3804,0,0,0,0,0,0,0.0201
2026-05-29 09:17:50,9.8256,0,0,0,0,0,0,0.0751
2026-05-29 09:17:55,13.2024,0,0,0,0,0,0,0.1551
2026-05-29 09:18:00,10.1136,0,0,1,0,0,0,0.6251
2026-05-29 09:18:05,22.6667,0,0,0,0,0,0,0.0521
2026-05-29 09:18:10,10.3103,0,0,0,0,0,0,0.0201
2026-05-29 09:18:15,9.7791,0,0,0,0,0,0,0.0001
2026-05-29 09:18:20,9.9294,0,0,0,0,0,0,0.0001
2026-05-29 09:18:25,9.2826,0,0,0,0,0,0,0.0001
2026-05-29 09:18:30,9.4205,0,0,0,0,0,0,0.0001
2026-05-29 09:18:35,8.7222,0,0,0,0,0,0,0.0001
2026-05-29 09:18:40,10.0588,0,0,0,0,0,0,0.0151
2026-05-29 09:18:45,7.954,0,0,0,0,0,0,0.0
2026-05-29 09:18:50,8.5109,0,0,0,0,0,0,0.02
2026-05-29 09:18:55,83.3194,0,1,0,0,1,0,0.33
2026-05-29 09:19:00,9.9432,0,0,0,0,0,0,0.0701
2026-05-29 09:19:05,50.8293,0,0,1,0,1,0,0.6801
2026-05-29 09:19:10,10.0795,0,0,0,0,0,0,0.0301
2026-05-29 09:19:15,8.9213,0,0,0,0,0,0,0.0001
2026-05-29 09:19:20,8.7442,0,0,0,0,0,0,0.0001
2026-05-29 09:19:25,7.6782,0,0,0,0,0,0,0.0
2026-05-29 09:19:30,10.5,0,0,0,0,0,0,0.0021
2026-05-29 09:19:35,8.0455,0,0,0,0,0,0,0.0
2026-05-29 09:19:40,10.5529,0,0,0,0,0,0,0.0021
2026-05-29 09:19:45,8.7326,0,0,0,0,0,0,0.0001
2026-05-29 09:19:50,8.3516,0,0,0,0,0,0,0.0
2026-05-29 09:19:55,8.5114,0,0,0,0,0,0,0.02
2026-05-29 09:20:00,8.236,0,0,0,0,0,0,0.0
2026-05-29 09:20:05,76.6579,0,1,1,0,1,0,0.88
2026-05-29 09:20:10,11.8523,0,0,0,0,0,0,0.0001
2026-05-29 09:20:15,9.6813,0,0,0,0,0,0,0.0001
2026-05-29 09:20:20,8.6235,0,0,0,0,0,0,0.0001
2026-05-29 09:20:25,8.1023,0,0,0,0,0,0,0.0
2026-05-29 09:20:30,7.9333,0,0,0,0,0,0,0.01
2026-05-29 09:20:35,8.1333,0,0,0,0,0,0,0.0
2026-05-29 09:20:40,7.6136,0,0,0,0,0,0,0.0
2026-05-29 09:20:45,7.9268,0,0,0,0,0,0,0.0
2026-05-29 09:20:50,8.1,0,0,0,0,0,0,0.02
2026-05-29 09:20:55,7.9318,0,0,0,0,0,0,0.03
2026-05-29 09:21:00,12.967,0,0,0,0,0,0,0.0101
2026-05-29 09:21:05,62.1039,0,0,1,0,1,0,0.88
2026-05-29 09:21:10,10.6905,0,0,0,0,0,0,0.0001
2026-05-29 09:21:15,8.4022,0,0,0,0,0,0,0.0
2026-05-29 09:21:20,8.8977,0,0,0,0,0,0,0.0001
2026-05-29 09:21:25,12.1111,0,0,0,0,0,0,0.0001
2026-05-29 09:21:30,15.7059,0,0,0,0,0,0,0.0101
2026-05-29 09:21:35,29.378,0,0,0,0,1,0,0.0201
2026-05-29 09:21:40,9.2159,0,0,0,0,0,0,0.0101
2026-05-29 09:21:45,8.931,0,0,0,0,0,0,0.0001
2026-05-29 09:21:50,11.5217,0,0,0,0,0,0,0.0001
2026-05-29 09:21:55,10.4235,0,0,0,0,0,0,0.0001
2026-05-29 09:22:00,8.5556,0,0,0,0,0,0,0.0001
2026-05-29 09:22:05,71.4545,0,0,1,0,1,0,0.87
2026-05-29 09:22:10,11.6706,0,0,0,0,0,0,0.0001
2026-05-29 09:22:15,9.587,0,0,0,0,0,0,0.0001
2026-05-29 09:22:20,10.4884,0,0,0,0,0,0,0.0001
2026-05-29 09:22:25,12.8876,0,0,0,0,0,0,0.0001
2026-05-29 09:22:30,8.6207,0,0,0,0,0,0,0.0101
2026-05-29 09:22:35,10.4643,0,0,0,0,0,0,0.0101
2026-05-29 09:22:40,8.828,0,0,0,0,0,0,0.0001
2026-05-29 09:22:45,8.6,0,0,0,0,0,0,0.0001
2026-05-29 09:22:50,8.9101,0,0,0,0,0,0,0.0001
2026-05-29 09:22:55,8.7586,0,0,0,0,0,0,0.0001
2026-05-29 09:23:00,8.2935,0,0,0,0,0,0,0.01
2026-05-29 09:23:05,68.0933,0,1,1,0,1,0,0.89
2026-05-29 09:23:10,11.3864,0,0,0,0,0,0,0.0201
2026-05-29 09:23:15,10.0337,0,0,0,0,0,0,0.0101
2026-05-29 09:23:20,8.6353,0,0,0,0,0,0,0.0001
2026-05-29 09:23:25,8.1444,0,0,0,0,0,0,0.0
2026-05-29 09:23:30,11.2111,0,0,0,0,0,0,0.0001
2026-05-29 09:23:35,8.9438,0,0,0,0,0,0,0.0201
2026-05-29 09:23:40,8.3012,0,0,0,0,0,0,0.0
2026-05-29 09:23:45,8.3837,0,0,0,0,0,0,0.0
2026-05-29 09:23:50,8.4783,0,0,0,0,0,0,0.0
2026-05-29 09:23:55,8.3068,0,0,0,0,0,0,0.01
2026-05-29 09:24:00,9.3371,0,0,0,0,0,0,0.04
2026-05-29 09:24:05,8.5517,0,0,1,0,0,0,0.59
2026-05-29 09:24:10,8.2418,0,0,0,0,0,0,0.03
2026-05-29 09:24:15,7.7931,0,0,0,0,0,0,0.0
2026-05-29 09:24:20,7.8444,0,0,0,0,0,0,0.01
2026-05-29 09:24:25,9.1928,0,0,0,0,0,0,0.01
2026-05-29 09:24:30,7.9438,0,0,0,0,0,0,0.02
2026-05-29 09:24:35,7.6854,0,0,0,0,0,0,0.0
2026-05-29 09:24:40,7.908,0,0,0,0,0,0,0.0
2026-05-29 09:24:45,7.9783,0,0,0,0,0,0,0.0
2026-05-29 09:24:50,7.8256,0,0,0,0,0,0,0.0
2026-05-29 09:24:55,7.6778,0,0,0,0,0,0,0.0
2026-05-29 09:25:00,7.6818,0,0,0,0,0,0,0.01
2026-05-29 09:25:05,64.6184,0,1,1,0,1,0,0.68
2026-05-29 09:25:10,9.9565,0,0,0,0,0,0,0.0
2026-05-29 09:25:15,11.1667,0,0,0,0,0,0,0.0
2026-05-29 09:25:20,9.7473,0,0,0,0,0,0,0.01
2026-05-29 09:25:25,8.8391,0,0,0,0,0,0,0.01
2026-05-29 09:25:30,8.382,0,0,0,0,0,0,0.0
2026-05-29 09:25:35,7.7176,0,0,0,0,0,0,0.0
2026-05-29 09:25:40,7.9186,0,0,0,0,0,0,0.0
2026-05-29 09:25:45,9.1868,0,0,0,0,0,0,0.01
2026-05-29 09:25:50,8.2069,0,0,0,0,0,0,0.01
2026-05-29 09:25:55,8.3444,0,0,0,0,0,0,0.0
2026-05-29 09:26:00,8.1724,0,0,0,0,0,0,0.01
2026-05-29 09:26:05,71.4605,0,1,0,0,1,0,0.1125
2026-05-29 09:26:10,14.9565,0,0,0,0,0,0,0.01
2026-05-29 09:26:15,9.5412,0,0,0,0,0,0,0.0
2026-05-29 09:26:20,9.2247,0,0,0,0,0,0,0.0
2026-05-29 09:26:25,8.3295,0,0,0,0,0,0,0.04
2026-05-29 09:26:30,8.5,0,0,1,0,0,0,0.66
2026-05-29 09:26:35,8.2874,0,0,0,0,0,0,0.06
2026-05-29 09:26:40,8.2857,0,0,0,0,0,0,0.02
2026-05-29 09:26:45,8.0778,0,0,0,0,0,0,0.01
2026-05-29 09:26:50,8.2706,0,0,0,0,0,0,0.02
2026-05-29 09:26:55,9.8043,0,0,0,0,0,0,0.0125
2026-05-29 09:27:00,8.4,0,0,0,0,0,0,0.0
2026-05-29 09:27:05,69.0789,0,1,0,0,1,0,0.13
2026-05-29 09:27:10,9.1064,0,0,0,0,0,0,0.02
2026-05-29 09:27:15,11.0952,0,0,0,0,0,0,0.04
2026-05-29 09:27:20,7.2088,1,0,0,0,0,0,0.08
2026-05-29 09:27:25,10.8118,1,0,1,0,0,0,0.5825
2026-05-29 09:27:30,8.0326,1,0,0,0,0,0,0.02
2026-05-29 09:27:35,9.9651,1,0,0,0,0,0,0.01
2026-05-29 09:27:40,8.5294,1,0,0,0,0,0,0.0
2026-05-29 09:27:45,8.1333,1,0,0,0,0,0,0.0
2026-05-29 09:27:50,8.5412,1,0,0,0,0,0,0.0
2026-05-29 09:27:55,8.0652,1,0,0,0,0,0,0.0
2026-05-29 09:28:00,8.2907,1,0,0,0,0,0,0.01
2026-05-29 09:28:05,71.24,1,1,0,0,1,0,0.05
2026-05-29 09:28:10,10.6915,1,0,0,0,0,0,0.0
2026-05-29 09:28:15,10.4096,1,0,0,0,0,0,0.0
2026-05-29 09:28:20,9.087,1,0,0,0,0,0,0.0
2026-05-29 09:28:25,9.6941,1,0,0,0,0,0,0.0
2026-05-29 09:28:30,9.3298,1,0,0,0,0,0,0.0
2026-05-29 09:28:35,9.3614,1,0,0,0,0,0,0.0
2026-05-29 09:28:40,8.3182,1,0,0,0,0,0,0.0
2026-05-29 09:28:45,8.1333,1,0,0,0,0,0,0.0
2026-05-29 09:28:50,8.7711,1,0,0,0,0,0,0.02
2026-05-29 09:28:55,126.2239,1,1,0,0,1,0,0.07
2026-05-29 09:29:00,12.0851,1,0,0,0,0,0,0.01
2026-05-29 09:29:05,82.9351,1,0,0,0,1,0,0.07
2026-05-29 09:29:10,12.6548,1,0,0,0,0,0,0.0
2026-05-29 09:29:15,10.0208,1,0,0,0,0,0,0.0
2026-05-29 09:29:20,16.4875,1,0,0,0,0,0,0.03
2026-05-29 09:29:25,9.8372,1,0,0,0,0,0,0.0
2026-05-29 09:29:30,9.8901,1,0,0,0,0,0,0.0
2026-05-29 09:29:35,9.2907,1,0,0,0,0,0,0.0
2026-05-29 09:29:40,10.0769,1,0,0,0,0,0,0.0125
2026-05-29 09:29:45,9.1707,1,0,0,0,0,0,0.0
2026-05-29 09:29:50,7.5521,1,0,0,0,0,0,0.0
2026-05-29 09:29:55,8.5181,1,0,0,0,0,0,0.02
2026-05-29 09:30:00,7.8523,1,0,0,0,0,0,0.0
2026-05-29 09:30:05,69.3457,1,0,1,0,1,0,0.61
2026-05-29 09:30:10,11.2024,1,0,0,0,0,0,0.01
2026-05-29 09:30:15,10.7444,1,0,0,0,0,0,0.01
2026-05-29 09:30:20,8.1977,1,0,0,0,0,0,0.0
2026-05-29 09:30:25,8.0,1,0,0,0,0,0,0.0
2026-05-29 09:30:30,8.8202,1,0,0,0,0,0,0.0
2026-05-29 09:30:35,8.1591,1,0,0,0,0,0,0.0
2026-05-29 09:30:40,8.7222,1,0,0,0,0,0,0.0
2026-05-29 09:30:45,7.7882,1,0,0,0,0,0,0.0
2026-05-29 09:30:50,8.4457,1,0,0,0,0,0,0.0
2026-05-29 09:30:55,7.9759,1,0,0,0,0,0,0.01
2026-05-29 09:31:00,7.5,1,0,0,0,0,0,0.03
2026-05-29 09:31:05,76.4267,1,1,0,0,1,0,0.12
2026-05-29 09:31:10,10.3372,1,0,0,0,0,0,0.0
2026-05-29 09:31:15,9.8022,1,0,0,0,0,0,0.0
2026-05-29 09:31:20,12.3214,1,0,0,0,0,0,0.01
2026-05-29 09:31:25,9.1798,1,0,0,0,0,0,0.0
2026-05-29 09:31:30,8.7356,1,0,0,0,0,0,0.0
2026-05-29 09:31:35,9.4405,1,0,0,0,0,0,0.0
2026-05-29 09:31:40,8.6383,1,0,0,0,0,0,0.0
2026-05-29 09:31:45,8.9524,1,0,0,0,0,0,0.0
2026-05-29 09:31:50,9.172,1,0,0,0,0,0,0.0
2026-05-29 09:31:55,10.3494,1,0,0,0,0,0,0.01
2026-05-29 09:32:00,8.4043,1,0,0,0,0,0,0.0
2026-05-29 09:32:05,16.5952,1,0,0,0,0,0,0.05
2026-05-29 09:32:10,50.2208,1,0,0,0,1,0,0.0
2026-05-29 09:32:15,9.4681,1,0,0,0,0,0,0.0
2026-05-29 09:32:20,9.0238,1,0,0,0,0,0,0.0
2026-05-29 09:32:25,9.7093,1,0,0,0,0,0,0.0
2026-05-29 09:32:30,8.9318,1,0,0,0,0,0,0.0
2026-05-29 09:32:35,81.6944,1,0,0,0,1,0,0.02
2026-05-29 09:32:40,59.475,1,0,0,0,1,0,0.0
2026-05-29 09:32:45,11.3846,1,0,0,0,0,0,0.0
2026-05-29 09:32:50,8.7952,1,0,0,0,0,0,0.0
2026-05-29 09:32:55,10.2444,1,0,0,0,0,0,0.0
2026-05-29 09:33:00,8.3636,1,0,0,0,0,0,0.0
2026-05-29 09:33:05,58.2208,1,0,0,0,1,0,0.01
2026-05-29 09:33:10,12.883,1,0,0,0,0,0,0.0
2026-05-29 09:33:15,9.3333,1,0,0,0,0,0,0.0
2026-05-29 09:33:20,11.5357,1,0,0,0,0,0,0.01
2026-05-29 09:33:25,10.4946,1,0,0,0,0,0,0.0
2026-05-29 09:33:30,8.5698,1,0,0,0,0,0,0.0
2026-05-29 09:33:35,7.5165,1,0,0,0,0,0,0.01
2026-05-29 09:33:40,7.8571,1,0,0,0,0,0,0.02
2026-05-29 09:33:45,9.0957,1,0,0,0,0,0,0.0
2026-05-29 09:33:50,9.8118,1,0,0,0,0,0,0.0
2026-05-29 09:33:55,9.9659,1,0,0,0,0,0,0.0
2026-05-29 09:34:00,8.7416,1,0,0,0,0,0,0.0
2026-05-29 09:34:05,57.75,1,1,0,0,1,0,0.02
2026-05-29 09:34:10,83.8194,1,0,0,0,1,0,0.0
2026-05-29 09:34:15,82.2692,1,0,0,0,1,0,0.01
2026-05-29 09:34:20,10.6705,1,0,0,0,0,0,0.0
2026-05-29 09:34:25,10.4217,1,0,0,0,0,0,0.0
2026-05-29 09:34:30,12.1707,1,0,0,0,0,0,0.0
2026-05-29 09:34:35,119.2353,1,0,0,0,1,0,0.06
2026-05-29 09:34:40,143.875,1,0,0,0,1,0,0.04
2026-05-29 09:34:45,10.0667,1,0,0,0,0,0,0.01
2026-05-29 09:34:50,8.3605,1,0,0,0,0,0,0.0
2026-05-29 09:34:55,9.2326,1,0,0,0,0,0,0.0
2026-05-29 09:35:00,8.4239,1,0,0,0,0,0,0.0
2026-05-29 09:35:05,36.9647,1,0,0,0,1,0,0.032
2026-05-29 09:35:10,8.9451,1,0,0,0,0,0,0.0
2026-05-29 09:35:15,9.7952,1,0,0,0,0,0,0.0
2026-05-29 09:35:20,9.3023,1,0,0,0,0,0,0.0
2026-05-29 09:35:25,8.1556,1,0,0,0,0,0,0.0
2026-05-29 09:35:30,8.046,1,0,0,0,0,0,0.0
2026-05-29 09:35:35,7.967,1,0,0,0,0,0,0.0
2026-05-29 09:35:40,8.9767,1,0,0,0,0,0,0.01
2026-05-29 09:35:45,7.8556,1,0,0,0,0,0,0.0
2026-05-29 09:35:50,8.0795,1,0,0,0,0,0,0.06
2026-05-29 09:35:55,8.3077,1,0,1,0,0,0,0.58
2026-05-29 09:36:00,7.7619,1,0,0,0,0,0,0.13
2026-05-29 09:36:05,46.5195,1,0,0,0,1,0,0.02
2026-05-29 09:36:10,14.4674,1,0,0,0,0,0,0.01
2026-05-29 09:36:15,9.6818,1,0,0,0,0,0,0.01
2026-05-29 09:36:20,9.1798,1,0,0,0,0,0,0.0
2026-05-29 09:36:25,8.988,1,0,0,0,0,0,0.0
2026-05-29 09:36:30,8.1023,1,0,0,0,0,0,0.0
2026-05-29 09:36:35,9.6222,1,0,0,0,0,0,0.0
2026-05-29 09:36:40,8.2809,1,0,0,0,0,0,0.01
2026-05-29 09:36:45,8.6136,1,0,0,0,0,0,0.01
2026-05-29 09:36:50,8.9651,1,0,0,0,0,0,0.0206
2026-05-29 09:36:55,7.6264,1,0,0,0,0,0,0.04
2026-05-29 09:37:00,7.8864,1,0,0,0,0,0,0.02
2026-05-29 09:37:05,64.5455,1,0,0,0,1,0,0.04
2026-05-29 09:37:10,13.1444,1,0,0,0,0,0,0.0
2026-05-29 09:37:15,8.7471,1,0,0,0,0,0,0.0
2026-05-29 09:37:20,9.4024,1,0,0,0,0,0,0.0
2026-05-29 09:37:25,7.9032,1,0,0,0,0,0,0.0
2026-05-29 09:37:30,10.7674,1,0,0,0,0,0,0.022
2026-05-29 09:37:35,10.3226,1,0,0,0,0,0,0.0
2026-05-29 09:37:40,8.622,1,0,0,0,0,0,0.0
2026-05-29 09:37:45,8.7,1,0,0,0,0,0,0.0
2026-05-29 09:37:50,9.573,1,0,0,0,0,0,0.01
2026-05-29 09:37:55,305.4182,1,1,1,0,1,0,0.69
2026-05-29 09:38:00,178.7667,1,0,0,1,1,0,0.11
2026-05-29 09:38:05,15.6211,1,0,0,1,0,0,0.01
2026-05-29 09:38:10,9.8537,1,0,0,1,0,0,0.02
2026-05-29 09:38:15,8.1609,1,0,0,1,0,0,0.02
2026-05-29 09:38:20,8.2472,1,0,0,1,0,0,0.01
2026-05-29 09:38:25,8.25,1,0,0,1,0,0,0.0
2026-05-29 09:38:30,8.3043,1,0,0,1,0,0,0.0
2026-05-29 09:38:35,9.6341,1,0,0,1,0,0,0.0
2026-05-29 09:38:40,8.3226,1,0,0,1,0,0,0.0
2026-05-29 09:38:45,7.9036,1,0,0,1,0,0,0.0
2026-05-29 09:38:50,8.3854,1,0,0,1,0,0,0.0
2026-05-29 09:38:55,8.0361,1,0,0,1,0,0,0.0
2026-05-29 09:39:00,7.3678,1,0,0,1,0,0,0.01
2026-05-29 09:39:05,52.9512,1,0,0,1,1,0,0.0906
2026-05-29 09:39:10,9.25,1,0,0,1,0,0,0.0
2026-05-29 09:39:15,9.5833,1,0,0,1,0,0,0.0
2026-05-29 09:39:20,8.119,1,0,0,1,0,0,0.01
2026-05-29 09:39:25,10.4719,1,0,0,1,0,0,0.052
2026-05-29 09:39:30,8.1494,1,0,0,1,0,0,0.0
2026-05-29 09:39:35,7.7791,1,0,0,1,0,0,0.02
2026-05-29 09:39:40,9.8043,1,0,1,0,0,0,0.6226
2026-05-29 09:39:45,9.7558,1,0,0,0,0,0,0.1506
2026-05-29 09:39:50,8.033,1,0,0,0,0,0,0.02
2026-05-29 09:39:55,9.1786,1,0,0,0,0,0,0.01
2026-05-29 09:40:00,8.6237,1,0,0,0,0,0,0.02
2026-05-29 09:40:05,61.7895,1,1,0,0,1,0,0.02
2026-05-29 09:40:10,11.7273,1,0,0,0,0,0,0.0
2026-05-29 09:40:15,10.1163,1,0,0,0,0,0,0.0
2026-05-29 09:40:20,9.3793,1,0,0,0,0,0,0.0
2026-05-29 09:40:25,10.7865,1,0,0,0,0,0,0.02
2026-05-29 09:40:30,9.2159,1,0,0,0,0,0,0.01
2026-05-29 09:40:35,8.1222,1,0,0,0,0,0,0.0
2026-05-29 09:40:40,8.4138,1,0,0,0,0,0,0.0
2026-05-29 09:40:45,8.2674,1,0,0,0,0,0,0.0
2026-05-29 09:40:50,8.0769,1,0,0,0,0,0,0.0
2026-05-29 09:40:55,9.0455,1,0,0,0,0,0,0.0006
2026-05-29 09:41:00,9.3837,1,0,0,0,0,0,0.0106
2026-05-29 09:41:05,72.9873,1,0,0,0,1,0,0.0
2026-05-29 09:41:10,9.7159,1,0,0,0,0,0,0.0
2026-05-29 09:41:15,8.6889,1,0,0,0,0,0,0.0
2026-05-29 09:41:20,8.5904,1,0,0,0,0,0,0.01
2026-05-29 09:41:25,8.6067,1,0,0,0,0,0,0.0
2026-05-29 09:41:30,9.7333,1,0,0,0,0,0,0.0
2026-05-29 09:41:35,9.4881,1,0,0,0,0,0,0.0
2026-05-29 09:41:40,8.9355,1,0,0,0,0,0,0.0
2026-05-29 09:41:45,7.8452,1,0,0,0,0,0,0.0
2026-05-29 09:41:50,7.8352,1,0,0,0,0,0,0.0
2026-05-29 09:41:55,7.8636,1,0,0,0,0,0,0.01
2026-05-29 09:42:00,7.8556,1,0,0,0,0,0,0.0
2026-05-29 09:42:05,77.48,1,0,0,0,1,0,0.01
2026-05-29 09:42:10,9.5114,1,0,0,0,0,0,0.0
2026-05-29 09:42:15,9.8315,1,0,0,0,0,0,0.0
2026-05-29 09:42:20,59.6,1,0,0,0,1,0,0.05
2026-05-29 09:42:25,9.8636,1,0,0,0,0,0,0.01
2026-05-29 09:42:30,9.1739,1,0,0,0,0,0,0.0
2026-05-29 09:42:35,8.1932,1,0,0,0,0,0,0.0
2026-05-29 09:42:40,9.5393,1,0,0,0,0,0,0.0
2026-05-29 09:42:45,7.9639,1,0,0,0,0,0,0.0
2026-05-29 09:42:50,60.7308,1,0,0,0,1,0,0.0006
2026-05-29 09:42:55,9.3913,1,0,0,0,0,0,0.01
2026-05-29 09:43:00,9.7727,1,0,0,0,0,0,0.0
2026-05-29 09:43:05,20.8046,1,0,0,0,0,0,0.012
2026-05-29 09:43:10,9.1264,1,0,0,0,0,0,0.0
2026-05-29 09:43:15,8.3864,1,0,0,0,0,0,0.0
2026-05-29 09:43:20,9.3765,1,0,0,0,0,0,0.0
2026-05-29 09:43:25,8.5795,1,0,0,0,0,0,0.0
2026-05-29 09:43:30,7.6413,1,0,0,0,0,0,0.0
2026-05-29 09:43:35,10.0,1,0,0,0,0,0,0.0126
2026-05-29 09:43:40,9.7333,1,0,0,0,0,0,0.0006
2026-05-29 09:43:45,10.5517,1,0,0,0,0,0,0.0006
2026-05-29 09:43:50,7.8556,1,0,0,0,0,0,0.0
2026-05-29 09:43:55,9.0723,1,0,0,0,0,0,0.0006
2026-05-29 09:44:00,8.3478,1,0,0,0,0,0,0.01
2026-05-29 09:44:05,45.7792,1,0,0,0,1,0,0.0006
2026-05-29 09:44:10,16.4111,1,0,0,0,0,0,0.0
2026-05-29 09:44:15,8.2,1,0,0,0,0,0,0.0
2026-05-29 09:44:20,8.2326,1,0,0,0,0,0,0.01
2026-05-29 09:44:25,10.3735,1,0,0,0,0,0,0.012
2026-05-29 09:44:30,7.6154,1,0,0,0,0,0,0.0
2026-05-29 09:44:35,8.4318,1,0,0,0,0,0,0.0
2026-05-29 09:44:40,9.0543,1,0,0,0,0,0,0.0806
2026-05-29 09:44:45,10.5059,1,0,0,0,0,0,0.0456
2026-05-29 09:44:50,7.6556,1,0,0,0,0,0,0.0475
2026-05-29 09:44:55,8.9885,1,0,0,0,0,0,0.0301
2026-05-29 09:45:00,9.4,1,0,0,0,0,0,0.0143
2026-05-29 09:45:05,65.987,1,0,0,0,1,0,0.0182
2026-05-29 09:45:10,11.0909,1,0,0,0,0,0,0.0275
2026-05-29 09:45:15,8.7882,1,0,0,0,0,0,0.0236
2026-05-29 09:45:20,8.3372,1,0,0,0,0,0,0.0225
2026-05-29 09:45:25,8.5275,1,0,0,0,0,0,0.0162
2026-05-29 09:45:30,11.7386,1,0,0,0,0,0,0.0091
2026-05-29 09:45:35,9.8851,1,0,0,0,0,0,0.0161
2026-05-29 09:45:40,7.9091,1,0,0,0,0,0,0.0292
2026-05-29 09:45:45,7.8409,1,0,0,0,0,0,0.0087
2026-05-29 09:45:50,7.9341,1,0,0,0,0,0,0.0098
2026-05-29 09:45:55,7.9412,1,0,0,0,0,0,0.0088
2026-05-29 09:46:00,7.7097,1,0,0,0,0,0,0.0087
2026-05-29 09:46:05,79.0533,1,1,0,0,1,0,0.011
2026-05-29 09:46:10,10.25,1,0,0,0,0,0,0.0264
2026-05-29 09:46:15,8.4494,1,0,0,0,0,0,0.0422
2026-05-29 09:46:20,7.878,1,0,0,0,0,0,0.0183
2026-05-29 09:46:25,8.3763,1,0,0,0,0,0,0.0221
2026-05-29 09:46:30,8.1512,1,0,0,0,0,0,0.0137
2026-05-29 09:46:35,8.3617,1,0,0,0,0,0,0.0152
2026-05-29 09:46:40,9.012,1,0,0,0,0,0,0.0159
2026-05-29 09:46:45,9.3448,1,0,0,0,0,0,0.0112
2026-05-29 09:46:50,8.3778,1,0,0,0,0,0,0.0105
2026-05-29 09:46:55,8.2273,1,0,0,0,0,0,0.0108
2026-05-29 09:47:00,10.0899,1,0,0,0,0,0,0.0081
2026-05-29 09:47:05,84.3816,1,0,0,0,1,0,0.0211
2026-05-29 09:47:10,10.0114,1,0,0,0,0,0,0.0298
2026-05-29 09:47:15,13.5618,1,0,0,0,0,0,0.0168
2026-05-29 09:47:20,9.8519,0,0,0,0,0,0,0.0184
2026-05-29 09:47:25,7.8229,0,0,0,0,0,0,0.0414
2026-05-29 09:47:30,9.0119,0,0,0,0,0,0,0.056
2026-05-29 09:47:35,8.8506,0,0,0,0,0,0,0.2332
2026-05-29 09:47:40,9.4831,0,0,0,0,0,0,0.0274
2026-05-29 09:47:45,8.6744,0,0,0,0,0,0,0.0128
2026-05-29 09:47:50,9.9783,0,0,0,0,0,0,0.011
2026-05-29 09:47:55,9.2118,0,0,0,0,0,0,0.0124
2026-05-29 09:48:00,9.3152,0,0,0,0,0,0,0.0088
2026-05-29 09:48:05,70.92,0,0,0,0,1,0,0.0338
2026-05-29 09:48:10,9.6023,0,0,0,0,0,0,0.0265
2026-05-29 09:48:15,12.413,0,0,0,0,0,0,0.0275
2026-05-29 09:48:20,8.2235,0,0,0,0,0,0,0.0239
2026-05-29 09:48:25,8.7253,0,0,0,0,0,0,0.0278
2026-05-29 09:48:30,10.0244,0,0,0,0,0,0,0.0168
2026-05-29 09:48:35,9.8229,0,0,0,0,0,0,0.0135
2026-05-29 09:48:40,7.9036,0,0,0,0,0,0,0.0277
2026-05-29 09:48:45,7.9765,0,0,0,0,0,0,0.0118
2026-05-29 09:48:50,8.3626,0,0,0,0,0,0,0.0059
2026-05-29 09:48:55,7.7816,0,0,0,0,0,0,0.0073
2026-05-29 09:49:00,7.9022,0,0,0,0,0,0,0.0075
2026-05-29 09:49:05,7.8721,0,0,0,0,0,0,0.0168
2026-05-29 09:49:10,8.7111,0,0,0,0,0,0,0.0075
2026-05-29 09:49:15,8.4118,0,0,0,0,0,0,0.0069
2026-05-29 09:49:20,7.6237,0,0,0,0,0,0,0.0075
2026-05-29 09:49:25,7.9881,0,0,0,0,0,0,0.0072
2026-05-29 09:49:30,8.4624,0,0,0,0,0,0,0.0064
2026-05-29 09:49:35,7.8571,0,0,0,0,0,0,0.0069
2026-05-29 09:49:40,7.7647,0,0,0,0,0,0,0.0108
2026-05-29 09:49:45,7.7065,0,0,0,0,0,0,0.0092
2026-05-29 09:49:50,8.8295,0,0,0,0,0,0,0.0118
2026-05-29 09:49:55,7.9121,0,0,0,0,0,0,0.0097
2026-05-29 09:50:00,8.0706,0,0,0,0,0,0,0.008
2026-05-29 09:50:05,42.4211,0,0,0,0,1,0,0.0125
2026-05-29 09:50:10,11.5543,0,0,0,0,0,0,0.0161
2026-05-29 09:50:15,11.875,0,0,0,0,0,0,0.0184
2026-05-29 09:50:20,9.1739,0,0,0,0,0,0,0.034
2026-05-29 09:50:25,9.3671,0,0,0,0,0,0,0.0139
2026-05-29 09:50:30,9.6632,0,0,0,0,0,0,0.0216
2026-05-29 09:50:35,101.6712,0,1,0,0,1,0,0.0092
2026-05-29 09:50:40,69.9881,0,0,0,0,1,0,0.0092
2026-05-29 09:50:45,93.1746,0,0,0,0,1,0,0.0084
2026-05-29 09:50:50,74.2027,0,0,0,0,1,0,0.0097
2026-05-29 09:50:55,11.8111,0,0,0,0,0,0,0.0271
2026-05-29 09:51:00,9.8,0,0,0,0,0,0,0.0283
2026-05-29 09:51:05,58.0533,0,0,0,0,1,0,0.0092
2026-05-29 09:51:10,9.6092,0,0,0,0,0,0,0.0266
2026-05-29 09:51:15,7.9444,0,0,0,0,0,0,0.0462
2026-05-29 09:51:20,9.1222,0,0,0,0,0,0,0.0564
2026-05-29 09:51:25,8.3059,0,0,0,0,0,0,0.2088
2026-05-29 09:51:30,8.9651,0,0,0,0,0,0,0.0257
2026-05-29 09:51:35,8.4831,0,0,0,0,0,0,0.042
2026-05-29 09:51:40,10.2556,0,0,0,0,0,0,0.0071
2026-05-29 09:51:45,10.7753,0,0,0,0,0,0,0.0062
2026-05-29 09:51:50,9.8256,0,0,0,0,0,0,0.0151
2026-05-29 09:51:55,8.8864,0,0,0,0,0,0,0.0086
2026-05-29 09:52:00,8.1011,0,0,0,0,0,0,0.0084
2026-05-29 09:52:05,67.8701,0,0,0,0,1,0,0.0131
2026-05-29 09:52:10,13.5341,0,0,0,0,0,0,0.0168
2026-05-29 09:52:15,12.7667,0,0,0,0,0,0,0.0162
2026-05-29 09:52:20,8.5366,0,0,0,0,0,0,0.0162
2026-05-29 09:52:25,8.1333,0,0,0,0,0,0,0.0181
2026-05-29 09:52:30,8.1778,0,0,0,0,0,0,0.0202
2026-05-29 09:52:35,8.3452,0,0,0,0,0,0,0.0123
2026-05-29 09:52:40,9.3404,0,0,0,0,0,0,0.0108
2026-05-29 09:52:45,8.9756,0,0,0,0,0,0,0.009
2026-05-29 09:52:50,8.0761,0,0,0,0,0,0,0.0066
2026-05-29 09:52:55,8.7045,0,0,0,0,0,0,0.0116
2026-05-29 09:53:00,8.5222,0,0,0,0,0,0,0.0104
2026-05-29 09:53:05,63.2297,0,0,0,0,1,0,0.0138
2026-05-29 09:53:10,9.4773,0,0,0,0,0,0,0.0198
2026-05-29 09:53:15,9.1304,0,0,0,0,0,0,0.021
2026-05-29 09:53:20,9.375,0,0,0,0,0,0,0.0228
2026-05-29 09:53:25,8.0787,0,0,0,0,0,0,0.0267
2026-05-29 09:53:30,10.2289,0,0,0,0,0,0,0.046
2026-05-29 09:53:35,8.8778,0,0,0,0,0,0,0.293
2026-05-29 09:53:40,9.6778,0,0,0,0,0,0,0.0214
2026-05-29 09:53:45,8.369,0,0,0,0,0,0,0.0267
2026-05-29 09:53:50,8.3146,0,0,0,0,0,0,0.0139
2026-05-29 09:53:55,16.7586,0,0,0,0,0,0,0.0074
2026-05-29 09:54:00,9.9545,0,0,0,0,0,0,0.0106
2026-05-29 09:54:05,60.5714,0,0,0,0,1,0,0.0124
2026-05-29 09:54:10,10.2045,0,0,0,0,0,0,0.0183
2026-05-29 09:54:15,9.4457,0,0,0,0,0,0,0.0189
2026-05-29 09:54:20,8.3372,0,0,0,0,0,0,0.0154
2026-05-29 09:54:25,7.6444,0,0,0,0,0,0,0.0452
2026-05-29 09:54:30,7.8023,0,0,0,0,0,0,0.0147
2026-05-29 09:54:35,7.9091,0,0,0,0,0,0,0.0124
2026-05-29 09:54:40,9.75,0,0,0,0,0,0,0.0068
2026-05-29 09:54:45,7.881,0,0,0,0,0,0,0.0104
2026-05-29 09:54:50,8.0682,0,0,0,0,0,0,0.0104
2026-05-29 09:54:55,9.4767,0,0,0,0,0,0,0.0071
2026-05-29 09:55:00,8.4239,0,0,0,0,0,0,0.0063
2026-05-29 09:55:05,73.9359,0,1,0,0,1,0,0.0099
2026-05-29 09:55:10,16.9091,0,0,0,0,0,0,0.0142
2026-05-29 09:55:15,8.2841,0,0,0,0,0,0,0.0157
2026-05-29 09:55:20,8.2857,0,0,0,0,0,0,0.019
2026-05-29 09:55:25,8.3261,0,0,0,0,0,0,0.0163
2026-05-29 09:55:30,8.4773,0,0,0,0,0,0,0.0175
2026-05-29 09:55:35,8.0698,0,0,0,0,0,0,0.0143
2026-05-29 09:55:40,8.6023,0,0,0,0,0,0,0.0125
2026-05-29 09:55:45,8.2558,0,0,0,0,0,0,0.013
2026-05-29 09:55:50,8.3043,0,0,0,0,0,0,0.007
2026-05-29 09:55:55,8.2386,0,0,0,0,0,0,0.0079
2026-05-29 09:56:00,8.6222,0,0,0,0,0,0,0.0287
2026-05-29 09:56:05,62.2368,0,0,0,0,1,0,0.0101
2026-05-29 09:56:10,10.2674,0,0,0,0,0,0,0.0164
2026-05-29 09:56:15,8.0978,0,0,0,0,0,0,0.0272
2026-05-29 09:56:20,12.7386,0,0,0,0,0,0,0.0123
2026-05-29 09:56:25,84.4028,0,0,0,0,1,0,0.01
2026-05-29 09:56:30,8.6957,0,0,0,0,0,0,0.0176
2026-05-29 09:56:35,8.3647,0,0,0,0,0,0,0.0184
2026-05-29 09:56:40,50.3875,0,0,0,0,1,0,0.0129
2026-05-29 09:56:45,10.6818,0,0,0,0,0,0,0.0175
2026-05-29 09:56:50,9.6941,0,0,0,0,0,0,0.0174
2026-05-29 09:56:55,9.0449,0,0,0,0,0,0,0.0403
2026-05-29 09:57:00,9.0444,0,0,0,0,0,0,0.0254
2026-05-29 09:57:05,9.1011,0,0,0,0,0,0,0.0176
2026-05-29 09:57:10,7.9318,0,0,0,0,0,0,0.0141
2026-05-29 09:57:15,8.25,0,0,0,0,0,0,0.0229
2026-05-29 09:57:20,8.7363,1,0,0,0,0,0,0.0104
2026-05-29 09:57:25,8.2955,1,0,0,0,0,0,0.0223
2026-05-29 09:57:30,9.7978,1,0,0,0,0,0,0.0108
2026-05-29 09:57:35,8.0114,1,0,0,0,0,0,0.0114
2026-05-29 09:57:40,8.7209,1,0,0,0,0,0,0.0095
2026-05-29 09:57:45,8.2921,1,0,0,0,0,0,0.008
2026-05-29 09:57:50,13.8539,1,0,0,0,0,0,0.0129
2026-05-29 09:57:55,8.1591,1,0,0,0,0,0,0.0141
2026-05-29 09:58:00,8.8333,1,0,1,0,0,0,0.6029
2026-05-29 09:58:05,54.679,1,0,0,0,1,0,0.0514
2026-05-29 09:58:10,10.5,1,0,0,0,0,0,0.0322
2026-05-29 09:58:15,8.8571,1,0,0,0,0,0,0.0343
2026-05-29 09:58:20,8.3913,1,0,0,0,0,0,0.0164
2026-05-29 09:58:25,9.1071,1,0,0,0,0,0,0.0465
2026-05-29 09:58:30,8.2391,1,0,0,0,0,0,0.1065
2026-05-29 09:58:35,164.1935,1,0,0,0,1,0,0.0069
2026-05-29 09:58:40,100.375,1,0,0,0,1,0,0.0097
2026-05-29 09:58:45,11.0556,1,0,0,0,0,0,0.0806
2026-05-29 09:58:50,11.5747,1,0,0,0,0,0,0.0152
2026-05-29 09:58:55,8.814,1,0,0,0,0,0,0.0205
2026-05-29 09:59:00,7.7816,1,0,0,0,0,0,0.0702
2026-05-29 09:59:05,56.6829,1,0,0,0,1,0,0.0128
2026-05-29 09:59:10,9.5778,1,0,0,0,0,0,0.029
2026-05-29 09:59:15,69.8514,1,0,0,0,1,0,0.022
2026-05-29 09:59:20,12.7778,1,0,0,0,0,0,0.0206
2026-05-29 09:59:25,9.7273,1,0,0,0,0,0,0.0214
2026-05-29 09:59:30,77.7763,1,0,0,0,1,0,0.0133
2026-05-29 09:59:35,9.3736,1,0,0,0,0,0,0.1296
2026-05-29 09:59:40,9.8721,1,0,0,0,0,0,0.4033
2026-05-29 09:59:45,8.977,1,0,0,0,0,0,0.1139
2026-05-29 09:59:50,7.8444,1,0,0,0,0,0,0.0681
2026-05-29 09:59:55,7.9222,1,0,0,0,0,0,0.0358
2026-05-29 10:00:00,7.9888,1,0,0,0,0,0,0.0237
2026-05-29 10:00:05,57.7973,1,0,0,0,1,0,0.0175
2026-05-29 10:00:10,10.6966,1,0,0,0,0,0,0.0316
2026-05-29 10:00:15,8.5889,1,0,0,0,0,0,0.068
2026-05-29 10:00:20,61.9079,1,0,0,0,1,0,0.0238
2026-05-29 10:00:25,117.1111,1,0,0,0,1,0,0.0165
2026-05-29 10:00:30,12.4783,1,0,0,0,0,0,0.0972
2026-05-29 10:00:35,8.9186,1,0,0,0,0,0,0.1009
2026-05-29 10:00:40,10.3253,1,0,0,0,0,0,0.0977
2026-05-29 10:00:45,7.6882,1,0,0,0,0,0,0.4554
2026-05-29 10:00:50,9.7791,1,0,0,0,0,0,0.0747
2026-05-29 10:00:55,8.383,1,0,0,0,0,0,0.0641
2026-05-29 10:01:00,8.3614,1,0,0,0,0,0,0.0521
2026-05-29 10:01:05,51.28,1,0,0,0,1,0,0.0318
2026-05-29 10:01:10,15.234,1,0,0,0,0,0,0.0723
2026-05-29 10:01:15,11.0349,1,0,0,0,0,0,0.0932
2026-05-29 10:01:20,11.2527,1,0,0,0,0,0,0.0584
2026-05-29 10:01:25,9.5926,1,0,0,0,0,0,0.1008
2026-05-29 10:01:30,9.7065,1,0,0,0,0,0,0.0832
2026-05-29 10:01:35,12.1609,1,0,0,0,0,0,0.0547
2026-05-29 10:01:40,8.9048,1,0,0,0,0,0,0.3284
2026-05-29 10:01:45,8.5326,1,0,0,0,0,0,0.0421
2026-05-29 10:01:50,9.6,1,0,0,0,0,0,0.0175
2026-05-29 10:01:55,10.5213,1,0,0,0,0,0,0.0206
2026-05-29 10:02:00,13.0241,1,0,0,0,0,0,0.0268
2026-05-29 10:02:05,46.64,1,0,0,0,1,0,0.0243
2026-05-29 10:02:10,15.0745,1,0,0,0,0,0,0.0507
2026-05-29 10:02:15,9.7176,1,0,0,0,0,0,0.067
2026-05-29 10:02:20,9.9457,1,0,0,0,0,0,0.0324
2026-05-29 10:02:25,8.9286,1,0,0,0,0,0,0.043
2026-05-29 10:02:30,10.809,1,0,0,0,0,0,0.028
2026-05-29 10:02:35,9.7273,1,0,0,0,0,0,0.0219
2026-05-29 10:02:40,10.5181,1,0,0,0,0,0,0.0284
2026-05-29 10:02:45,84.4828,1,1,0,0,1,0,0.0702
2026-05-29 10:02:50,14.5556,1,0,0,0,0,0,0.3452
2026-05-29 10:02:55,8.407,1,0,0,0,0,0,0.0685
2026-05-29 10:03:00,8.8409,1,0,0,0,0,0,0.0586
2026-05-29 10:03:05,54.3718,1,0,0,0,1,0,0.069
2026-05-29 10:03:10,10.6333,1,0,0,0,0,0,0.0755
2026-05-29 10:03:15,9.2556,1,0,0,0,0,0,0.0815
2026-05-29 10:03:20,8.4157,1,0,0,0,0,0,0.0584
2026-05-29 10:03:25,9.5465,1,0,0,0,0,0,0.0257
2026-05-29 10:03:30,10.4,1,0,0,0,0,0,0.0346
2026-05-29 10:03:35,9.5426,1,0,0,0,0,0,0.0629
2026-05-29 10:03:40,8.8824,1,0,0,0,0,0,0.0232
2026-05-29 10:03:45,9.5287,1,0,0,0,0,0,0.0197
2026-05-29 10:03:50,8.1512,1,0,0,0,0,0,0.0518
2026-05-29 10:03:55,8.4667,1,0,0,0,0,0,0.3245
2026-05-29 10:04:00,8.0222,1,0,0,0,0,0,0.0425
2026-05-29 10:04:05,7.8372,1,0,0,0,0,0,0.0282
2026-05-29 10:04:10,7.7912,1,0,0,0,0,0,0.0287
2026-05-29 10:04:15,14.1928,1,0,0,0,0,0,0.0162
2026-05-29 10:04:20,9.7553,1,0,0,0,0,0,0.0182
2026-05-29 10:04:25,8.7195,1,0,0,0,0,0,0.013
2026-05-29 10:04:30,8.9778,1,0,0,0,0,0,0.0159
2026-05-29 10:04:35,8.5111,1,0,0,0,0,0,0.0154
2026-05-29 10:04:40,9.8837,1,0,0,0,0,0,0.0119
2026-05-29 10:04:45,9.0909,1,0,0,0,0,0,0.0339
2026-05-29 10:04:50,8.9524,1,0,0,0,0,0,0.0167
2026-05-29 10:04:55,7.5213,1,0,0,0,0,0,0.0431
2026-05-29 10:05:00,8.9535,1,0,0,0,0,0,0.0284
2026-05-29 10:05:05,69.9474,1,0,0,0,1,0,0.026
2026-05-29 10:05:10,11.3478,1,0,0,0,0,0,0.0256
2026-05-29 10:05:15,8.7412,1,0,0,0,0,0,0.0418
2026-05-29 10:05:20,8.8977,1,0,0,0,0,0,0.0411
2026-05-29 10:05:25,9.0345,1,0,0,0,0,0,0.0701
2026-05-29 10:05:30,9.0761,1,0,0,0,0,0,0.2525
2026-05-29 10:05:35,8.5647,1,0,0,0,0,0,0.0242
2026-05-29 10:05:40,9.1529,1,0,0,0,0,0,0.0253
2026-05-29 10:05:45,8.2637,1,0,0,0,0,0,0.014
2026-05-29 10:05:50,8.3218,1,0,0,0,0,0,0.0128
2026-05-29 10:05:55,10.5111,1,0,0,0,0,0,0.0122
2026-05-29 10:06:00,8.6897,1,0,0,0,0,0,0.0166
2026-05-29 10:06:05,67.8421,1,0,0,0,1,0,0.0362
2026-05-29 10:06:10,9.4348,1,0,0,0,0,0,0.022
2026-05-29 10:06:15,10.1882,1,0,0,0,0,0,0.0499
2026-05-29 10:06:20,12.8,1,0,0,0,0,0,0.0303
2026-05-29 10:06:25,101.8378,1,0,0,0,1,0,0.0132
2026-05-29 10:06:30,12.5,1,0,0,0,0,0,0.0265
2026-05-29 10:06:35,11.7125,1,0,0,0,0,0,0.0323
2026-05-29 10:06:40,11.375,1,0,0,0,0,0,0.0205
2026-05-29 10:06:45,154.0484,1,1,0,0,1,0,0.0146
2026-05-29 10:06:50,354.52,1,1,0,0,1,0,0.0799
2026-05-29 10:06:55,84.6377,1,0,0,0,1,0,0.1282
2026-05-29 10:07:00,12.525,1,0,1,0,0,0,0.7284
2026-05-29 10:07:05,51.3684,1,0,0,0,1,0,0.1796
2026-05-29 10:07:10,9.4896,1,0,0,0,0,0,0.1099
2026-05-29 10:07:15,10.2738,1,0,0,0,0,0,0.0406
2026-05-29 10:07:20,9.6383,1,0,0,0,0,0,0.0392
2026-05-29 10:07:25,9.3951,1,0,0,0,0,0,0.056
2026-05-29 10:07:30,12.6774,1,0,0,0,0,0,0.0316
2026-05-29 10:07:35,61.2179,1,1,0,0,1,0,0.0553
2026-05-29 10:07:40,14.2346,1,0,0,0,0,0,0.0425
2026-05-29 10:07:45,11.5517,1,0,0,0,0,0,0.0495
2026-05-29 10:07:50,10.3556,1,0,0,0,0,0,0.0564
2026-05-29 10:07:55,10.5222,1,0,0,0,0,0,0.0357
2026-05-29 10:08:00,9.4598,1,0,0,0,0,0,0.0378
2026-05-29 10:08:05,56.9737,1,0,0,0,1,0,0.0644
2026-05-29 10:08:10,9.5506,1,0,0,1,0,0,0.0372
2026-05-29 10:08:15,17.0225,1,0,0,1,0,0,0.0252
2026-05-29 10:08:20,9.0333,1,0,0,1,0,0,0.0351
2026-05-29 10:08:25,9.2558,1,0,0,1,0,0,0.054
2026-05-29 10:08:30,10.1628,1,0,0,0,0,0,0.0191
2026-05-29 10:08:35,7.9032,1,0,0,0,0,0,0.0209
2026-05-29 10:08:40,87.6447,1,1,0,0,1,0,0.0164
2026-05-29 10:08:45,19.8846,1,0,0,0,0,0,0.062
2026-05-29 10:08:50,9.8191,1,0,0,0,0,0,0.0665
2026-05-29 10:08:55,9.5814,1,0,0,0,0,0,0.2858
2026-05-29 10:09:00,8.5455,1,0,0,0,0,0,0.0328
2026-05-29 10:09:05,60.3333,1,0,0,0,1,0,0.028
2026-05-29 10:09:10,9.0349,1,0,0,0,0,0,0.0577
2026-05-29 10:09:15,8.734,1,0,0,0,0,0,0.066
2026-05-29 10:09:20,10.5349,1,0,0,0,0,0,0.0254
2026-05-29 10:09:25,8.3908,1,0,0,0,0,0,0.0431
2026-05-29 10:09:30,8.4023,1,0,0,0,0,0,0.0457
2026-05-29 10:09:35,8.25,1,0,0,0,0,0,0.0223
2026-05-29 10:09:40,8.6087,1,0,0,0,0,0,0.0159
2026-05-29 10:09:45,8.2326,1,0,0,0,0,0,0.0123
2026-05-29 10:09:50,9.5714,1,0,0,0,0,0,0.0187
2026-05-29 10:09:55,8.8148,1,0,0,0,0,0,0.0182
2026-05-29 10:10:00,8.6064,1,0,0,0,0,0,0.0167
2026-05-29 10:10:05,56.4231,1,0,0,0,1,0,0.3201
2026-05-29 10:10:10,9.75,1,0,0,0,0,0,0.0734
2026-05-29 10:10:15,10.0723,1,0,0,0,0,0,0.0374
2026-05-29 10:10:20,15.6092,1,0,0,0,0,0,0.0288
2026-05-29 10:10:25,13.4333,1,0,0,0,0,0,0.0447
2026-05-29 10:10:30,177.6716,1,1,0,0,1,0,0.0431
2026-05-29 10:10:35,18.141,1,0,0,0,0,0,0.039
2026-05-29 10:10:40,56.1758,1,0,0,0,1,0,0.0242
2026-05-29 10:10:45,62.5571,1,0,0,0,1,0,0.0206
2026-05-29 10:10:50,11.7841,1,0,0,0,0,0,0.0379
2026-05-29 10:10:55,10.1556,1,0,0,0,0,0,0.0547
2026-05-29 10:11:00,9.6207,1,0,0,0,0,0,0.0349
2026-05-29 10:11:05,61.9487,1,0,0,0,1,0,0.0366
2026-05-29 10:11:10,12.3448,1,0,0,0,0,0,0.0296
2026-05-29 10:11:15,9.7222,1,0,0,0,0,0,0.0753
2026-05-29 10:11:20,9.2921,1,0,0,0,0,0,0.3062
2026-05-29 10:11:25,11.3977,1,0,0,0,0,0,0.0365
2026-05-29 10:11:30,9.7531,1,0,0,0,0,0,0.0396
2026-05-29 10:11:35,9.5417,1,0,0,0,0,0,0.0354
2026-05-29 10:11:40,10.9881,1,0,0,0,0,0,0.02
2026-05-29 10:11:45,12.5465,1,0,0,0,0,0,0.0185
2026-05-29 10:11:50,9.9886,1,0,0,0,0,0,0.0291
2026-05-29 10:11:55,10.4667,1,0,0,0,0,0,0.0221
2026-05-29 10:12:00,8.5843,1,0,0,0,0,0,0.0527
2026-05-29 10:12:05,63.6053,1,0,0,0,1,0,0.0704
2026-05-29 10:12:10,11.8966,1,0,0,0,0,0,0.0519
2026-05-29 10:12:15,10.8889,1,0,0,0,0,0,0.0591
2026-05-29 10:12:20,9.2778,1,0,0,0,0,0,0.3691
2026-05-29 10:12:25,10.8864,1,0,0,0,0,0,0.0648
2026-05-29 10:12:30,12.1125,1,0,0,0,0,0,0.0282
2026-05-29 10:12:35,10.7917,1,0,0,0,0,0,0.0252
2026-05-29 10:12:40,9.619,1,0,0,0,0,0,0.0431
2026-05-29 10:12:45,9.0682,1,0,0,0,0,0,0.0224
2026-05-29 10:12:50,8.2989,1,0,0,0,0,0,0.0155
2026-05-29 10:12:55,8.7753,1,0,0,0,0,0,0.0155
2026-05-29 10:13:00,8.2333,1,0,0,0,0,0,0.0233
2026-05-29 10:13:05,76.8108,1,0,0,0,1,0,0.0202
2026-05-29 10:13:10,15.6739,1,0,0,0,0,0,0.0602
2026-05-29 10:13:15,9.2093,1,0,0,0,0,0,0.3114
2026-05-29 10:13:20,8.8941,1,0,0,0,0,0,0.0719
2026-05-29 10:13:25,8.3846,1,0,0,0,0,0,0.0375
2026-05-29 10:13:30,9.1047,1,0,0,0,0,0,0.0515
2026-05-29 10:13:35,8.1196,1,0,0,0,0,0,0.0169
2026-05-29 10:13:40,9.2738,1,0,0,0,0,0,0.0319
2026-05-29 10:13:45,7.8539,1,0,0,0,0,0,0.0229
2026-05-29 10:13:50,7.931,1,0,0,0,0,0,0.0223
2026-05-29 10:13:55,8.8478,1,0,0,0,0,0,0.036
2026-05-29 10:14:00,8.5116,1,0,0,0,0,0,0.0411
2026-05-29 10:14:05,55.8,1,0,0,0,1,0,0.0648
2026-05-29 10:14:10,11.2442,1,0,0,0,0,0,0.1348
2026-05-29 10:14:15,12.1136,1,0,0,0,0,0,0.3924
2026-05-29 10:14:20,8.6413,1,0,0,0,0,0,0.0467
2026-05-29 10:14:25,8.7738,1,0,0,0,0,0,0.0449
2026-05-29 10:14:30,17.5476,1,0,0,0,0,0,0.0487
2026-05-29 10:14:35,8.1383,1,0,0,0,0,0,0.042
2026-05-29 10:14:40,9.0247,1,0,0,0,0,0,0.0598
2026-05-29 10:14:45,7.9231,1,0,0,0,0,0,0.0313
2026-05-29 10:14:50,8.0795,1,0,0,0,0,0,0.0186
2026-05-29 10:14:55,8.3846,1,0,0,0,0,0,0.0148
2026-05-29 10:15:00,8.4651,1,0,0,0,0,0,0.0208
2026-05-29 10:15:05,70.1067,1,0,0,0,1,0,0.0672
2026-05-29 10:15:10,11.7174,1,0,0,0,0,0,0.0771
2026-05-29 10:15:15,9.2558,1,0,0,0,0,0,0.133
2026-05-29 10:15:20,8.3483,1,0,0,0,0,0,0.3304
2026-05-29 10:15:25,9.7011,1,0,0,0,0,0,0.0861
2026-05-29 10:15:30,8.4556,1,0,0,0,0,0,0.0529
2026-05-29 10:15:35,8.6222,1,0,0,0,0,0,0.0336
2026-05-29 10:15:40,9.6932,1,0,0,0,0,0,0.022
2026-05-29 10:15:45,8.1325,1,0,0,0,0,0,0.0317
2026-05-29 10:15:50,8.2644,1,0,0,0,0,0,0.0208
2026-05-29 10:15:55,7.8913,1,0,0,0,0,0,0.0245
2026-05-29 10:16:00,7.8977,1,0,0,0,0,0,0.0235
2026-05-29 10:16:05,9.0227,1,0,0,0,0,0,0.0814
2026-05-29 10:16:10,7.9425,1,0,0,0,0,0,0.0561
2026-05-29 10:16:15,8.9888,1,0,0,0,0,0,0.3088
2026-05-29 10:16:20,8.2778,1,0,0,0,0,0,0.0652
2026-05-29 10:16:25,7.6742,1,0,0,0,0,0,0.0202
2026-05-29 10:16:30,7.977,1,0,0,0,0,0,0.0196
2026-05-29 10:16:35,7.7882,1,0,0,0,0,0,0.0134
2026-05-29 10:16:40,7.9663,1,0,0,0,0,0,0.0195
2026-05-29 10:16:45,8.125,1,0,0,0,0,0,0.0144
2026-05-29 10:16:50,9.2418,1,0,0,0,0,0,0.032
2026-05-29 10:16:55,8.0,1,0,0,0,0,0,0.0427
2026-05-29 10:17:00,7.8523,1,0,0,0,0,0,0.0398
2026-05-29 10:17:05,69.9114,1,0,0,0,1,0,0.0456
2026-05-29 10:17:10,13.3295,1,0,0,0,0,0,0.0448
2026-05-29 10:17:15,10.2809,1,0,0,0,0,0,0.0773
2026-05-29 10:17:20,8.1628,0,0,0,0,0,0,0.0981
2026-05-29 10:17:25,9.0337,0,0,0,0,0,0,0.3728
2026-05-29 10:17:30,9.8,0,0,0,0,0,0,0.0536
2026-05-29 10:17:35,8.2159,0,0,0,0,0,0,0.0269
2026-05-29 10:17:40,9.012,0,0,0,0,0,0,0.0294
2026-05-29 10:17:45,9.5909,0,0,0,0,0,0,0.0176
2026-05-29 10:17:50,10.0549,0,0,0,0,0,0,0.0157
2026-05-29 10:17:55,38.3636,0,0,0,0,1,0,0.0522
2026-05-29 10:18:00,24.9589,0,0,0,0,0,0,0.0275
2026-05-29 10:18:05,40.3488,0,0,0,0,1,0,0.0277
2026-05-29 10:18:10,363.6182,0,1,0,0,1,0,0.0788
2026-05-29 10:18:15,17.175,0,0,0,1,0,0,0.0609
2026-05-29 10:18:20,9.3023,0,0,0,1,0,0,0.0871
2026-05-29 10:18:25,10.6222,0,0,0,1,0,0,0.0327
2026-05-29 10:18:30,9.4205,0,0,0,1,0,0,0.0298
2026-05-29 10:18:35,8.5455,0,0,0,1,0,0,0.045
2026-05-29 10:18:40,9.2069,0,0,0,1,0,0,0.0573
2026-05-29 10:18:45,8.6742,0,0,0,1,0,0,0.0967
2026-05-29 10:18:50,9.0941,0,0,0,1,0,0,0.3105
2026-05-29 10:18:55,7.828,0,0,0,1,0,0,0.0315
2026-05-29 10:19:00,8.093,0,0,0,1,0,0,0.0253
2026-05-29 10:19:05,56.3158,0,0,0,1,1,0,0.0595
2026-05-29 10:19:10,11.7935,0,0,0,1,0,0,0.0618
2026-05-29 10:19:15,8.1932,0,0,0,1,0,0,0.062
2026-05-29 10:19:20,8.5057,0,0,0,1,0,0,0.0319
2026-05-29 10:19:25,7.9529,0,0,0,1,0,0,0.0296
2026-05-29 10:19:30,7.9556,0,0,0,1,0,0,0.0157
2026-05-29 10:19:35,8.4556,0,0,0,1,0,0,0.0432
2026-05-29 10:19:40,11.4943,0,0,0,1,0,0,0.0151
2026-05-29 10:19:45,8.0,0,0,0,1,0,0,0.0198
2026-05-29 10:19:50,9.7108,0,0,0,1,0,0,0.0264
2026-05-29 10:19:55,7.663,0,0,0,0,0,0,0.0476
2026-05-29 10:20:00,8.7159,0,0,0,0,0,0,0.0392
2026-05-29 10:20:05,62.2838,0,0,0,0,1,0,0.4361
2026-05-29 10:20:10,8.9468,0,0,0,0,0,0,0.0834
2026-05-29 10:20:15,9.3882,0,0,0,0,0,0,0.0608
2026-05-29 10:20:20,9.7356,0,0,0,0,0,0,0.0249
2026-05-29 10:20:25,8.8295,0,0,0,0,0,0,0.0348
2026-05-29 10:20:30,8.8636,0,0,0,0,0,0,0.0216
2026-05-29 10:20:35,10.3043,0,0,0,0,0,0,0.02
2026-05-29 10:20:40,10.2875,0,0,0,0,0,0,0.0169
2026-05-29 10:20:45,8.1848,0,0,0,0,0,0,0.0145
2026-05-29 10:20:50,7.8488,0,0,0,0,0,0,0.0108
2026-05-29 10:20:55,7.5957,0,0,0,0,0,0,0.0241
2026-05-29 10:21:00,7.7176,0,0,0,0,0,0,0.0243
2026-05-29 10:21:05,54.1948,0,0,0,0,1,0,0.1382
2026-05-29 10:21:10,9.2111,0,0,0,0,0,0,0.3925
2026-05-29 10:21:15,10.6512,0,0,0,0,0,0,0.0506
2026-05-29 10:21:20,9.0745,0,0,0,0,0,0,0.022
2026-05-29 10:21:25,11.8554,0,0,0,0,0,0,0.0199
2026-05-29 10:21:30,8.8372,0,0,0,0,0,0,0.031
2026-05-29 10:21:35,8.8462,0,0,0,0,0,0,0.021
2026-05-29 10:21:40,8.4545,0,0,0,0,0,0,0.0171
2026-05-29 10:21:45,8.7391,0,0,0,0,0,0,0.0146
2026-05-29 10:21:50,10.4375,0,0,0,0,0,0,0.0347
2026-05-29 10:21:55,103.1528,0,0,0,0,1,0,0.0712
2026-05-29 10:22:00,11.0,0,0,0,0,0,0,0.0755
2026-05-29 10:22:05,54.9103,0,0,0,0,1,0,0.0903
2026-05-29 10:22:10,11.4667,0,0,0,0,0,0,0.4489
2026-05-29 10:22:15,12.7037,0,0,0,0,0,0,0.0889
2026-05-29 10:22:20,15.0714,0,0,0,0,0,0,0.0388
2026-05-29 10:22:25,8.1034,0,0,0,0,0,0,0.0494
2026-05-29 10:22:30,8.2286,0,0,0,0,0,0,0.0209
2026-05-29 10:22:35,7.9091,0,0,0,0,0,0,0.007
2026-05-29 10:22:40,8.5893,0,0,0,0,0,0,0.0088
2026-05-29 10:22:45,8.7903,0,0,0,0,0,0,0.0069
2026-05-29 10:22:50,7.8772,0,0,0,0,0,0,0.0064
2026-05-29 10:22:55,7.7143,0,0,0,0,0,0,0.0144
2026-05-29 10:23:00,9.3065,0,0,0,0,0,0,0.1559
2026-05-29 10:23:05,56.0196,0,0,1,0,1,0,0.6804
2026-05-29 10:23:10,8.871,0,0,0,0,0,0,0.0247
2026-05-29 10:23:15,7.7143,0,0,0,0,0,0,0.0091
2026-05-29 10:23:20,7.6667,0,0,0,0,0,0,0.0252
2026-05-29 10:23:25,7.7377,0,0,0,0,0,0,0.0059
2026-05-29 10:23:30,7.8966,0,0,0,0,0,0,0.0058
2026-05-29 10:23:35,7.6935,0,0,0,0,0,0,0.0063
2026-05-29 10:23:40,7.8036,0,0,0,0,0,0,0.0053
2026-05-29 10:23:45,7.6129,0,0,0,0,0,0,0.0047
2026-05-29 10:23:50,7.9815,0,0,0,0,0,0,0.006
2026-05-29 10:23:55,8.7097,0,0,0,0,0,0,0.0162
2026-05-29 10:24:00,7.7759,0,0,0,0,0,0,0.0043
2026-05-29 10:24:05,35.3091,0,0,0,0,1,0,0.0566
2026-05-29 10:24:10,8.1129,0,0,0,0,0,0,0.0297
2026-05-29 10:24:15,243.2647,0,1,1,0,1,0,0.7036
2026-05-29 10:24:20,8.6452,0,0,0,0,0,0,0.0257
2026-05-29 10:24:25,75.5283,0,0,0,0,1,0,0.0502
2026-05-29 10:24:30,103.8333,0,0,0,0,1,0,0.0792
2026-05-29 10:24:35,62.449,0,0,0,0,1,0,0.0218
2026-05-29 10:24:40,14.4167,0,0,0,0,0,0,0.0401
2026-05-29 10:24:45,8.8333,0,0,0,0,0,0,0.025
2026-05-29 10:24:50,8.6,0,0,0,0,0,0,0.0264
2026-05-29 10:24:55,8.431,0,0,0,0,0,0,0.0111
2026-05-29 10:25:00,8.8519,0,0,0,0,0,0,0.0154
2026-05-29 10:25:05,37.2321,0,0,0,0,1,0,0.0272
2026-05-29 10:25:10,14.65,0,0,0,0,0,0,0.024
2026-05-29 10:25:15,9.9831,0,0,0,0,0,0,0.023
2026-05-29 10:25:20,8.4464,0,0,0,0,0,0,0.0107
2026-05-29 10:25:25,8.7719,0,0,0,0,0,0,0.0071
2026-05-29 10:25:30,8.371,0,0,0,0,0,0,0.0069
2026-05-29 10:25:35,8.6034,0,0,0,0,0,0,0.0071
2026-05-29 10:25:40,8.7167,0,0,0,0,0,0,0.0061
2026-05-29 10:25:45,8.3158,0,0,0,0,0,0,0.03
2026-05-29 10:25:50,7.6949,0,0,0,0,0,0,0.0067
2026-05-29 10:25:55,10.85,0,0,0,0,0,0,0.1839
2026-05-29 10:26:00,7.8167,0,0,0,0,0,0,0.0366
2026-05-29 10:26:05,51.6471,0,0,1,0,1,0,0.6959
2026-05-29 10:26:10,12.3793,0,0,0,0,0,0,0.0331
2026-05-29 10:26:15,9.1613,0,0,0,0,0,0,0.0383
2026-05-29 10:26:20,7.875,0,0,0,0,0,0,0.0484
2026-05-29 10:26:25,7.7593,0,0,0,0,0,0,0.0358
2026-05-29 10:26:30,7.8065,0,0,0,0,0,0,0.009
2026-05-29 10:26:35,7.7241,0,0,0,0,0,0,0.0088
2026-05-29 10:26:40,7.5645,0,0,0,0,0,0,0.0082
2026-05-29 10:26:45,8.0,0,0,0,0,0,0,0.0111
2026-05-29 10:26:50,8.1333,0,0,0,0,0,0,0.0363
2026-05-29 10:26:55,8.6034,0,0,0,0,0,0,0.0503
2026-05-29 10:27:00,9.1452,0,0,1,0,0,0,0.5153
2026-05-29 10:27:05,20.375,0,0,0,0,0,0,0.0786
2026-05-29 10:27:10,8.7931,0,0,0,0,0,0,0.0104
2026-05-29 10:27:15,8.2321,0,0,0,0,0,0,0.0077
2026-05-29 10:27:20,8.8793,0,0,0,0,0,0,0.0087
2026-05-29 10:27:25,9.5484,0,0,0,0,0,0,0.0216
2026-05-29 10:27:30,8.2759,0,0,0,0,0,0,0.0272
2026-05-29 10:27:35,11.2586,0,0,0,0,0,0,0.021
2026-05-29 10:27:40,8.8621,0,0,0,0,0,0,0.0083
2026-05-29 10:27:45,7.8103,0,0,0,0,0,0,0.0072
2026-05-29 10:27:50,7.5968,0,0,0,0,0,0,0.0058
2026-05-29 10:27:55,7.7069,0,0,0,0,0,0,0.0143
2026-05-29 10:28:00,7.569,0,0,0,0,0,0,0.015
2026-05-29 10:28:05,51.6,0,0,0,0,1,0,0.0554
2026-05-29 10:28:10,8.4909,0,0,0,0,0,0,0.024
2026-05-29 10:28:15,7.8387,0,0,0,0,0,0,0.0205
2026-05-29 10:28:20,8.4483,0,0,0,0,0,0,0.4555
2026-05-29 10:28:25,9.3387,0,0,0,0,0,0,0.0716
2026-05-29 10:28:30,8.963,0,0,0,0,0,0,0.0148
2026-05-29 10:28:35,8.4833,0,0,0,0,0,0,0.0045
2026-05-29 10:28:40,8.0172,0,0,0,0,0,0,0.0313
2026-05-29 10:28:45,8.0161,0,0,0,0,0,0,0.0253
2026-05-29 10:28:50,8.5965,0,0,0,0,0,0,0.0049
2026-05-29 10:28:55,8.4915,0,0,0,0,0,0,0.0173
2026-05-29 10:29:00,10.6897,0,0,0,0,0,0,0.0271
2026-05-29 10:29:05,43.5769,0,0,0,0,1,0,0.0575
2026-05-29 10:29:10,12.9677,0,0,0,0,0,0,0.0157
2026-05-29 10:29:15,7.8621,0,0,0,0,0,0,0.0061
2026-05-29 10:29:20,10.4746,0,0,0,0,0,0,0.0067
2026-05-29 10:29:25,7.7586,0,0,0,0,0,0,0.0042
2026-05-29 10:29:30,9.4737,0,0,0,0,0,0,0.0056
2026-05-29 10:29:35,9.129,0,0,0,0,0,0,0.006
2026-05-29 10:29:40,10.2931,0,0,0,0,0,0,0.0047
2026-05-29 10:29:45,8.5763,0,0,0,0,0,0,0.0038
2026-05-29 10:29:50,9.1091,0,0,0,0,0,0,0.0048
2026-05-29 10:29:55,7.5,0,0,0,0,0,0,0.0127
2026-05-29 10:30:00,8.5172,0,0,0,0,0,0,0.0045
2026-05-29 10:30:05,41.9444,0,0,1,0,1,0,0.5376
2026-05-29 10:30:10,8.5806,0,0,0,0,0,0,0.046
2026-05-29 10:30:15,10.0182,0,0,0,0,0,0,0.0429
2026-05-29 10:30:20,8.5254,0,0,0,0,0,0,0.0207
2026-05-29 10:30:25,8.431,0,0,0,0,0,0,0.0052
2026-05-29 10:30:30,7.6774,0,0,0,0,0,0,0.0034
2026-05-29 10:30:35,7.8448,0,0,0,0,0,0,0.0128
2026-05-29 10:30:40,7.9138,0,0,0,0,0,0,0.0026
2026-05-29 10:30:45,7.6552,0,0,0,0,0,0,0.0024
2026-05-29 10:30:50,10.4655,0,0,0,0,0,0,0.0127
2026-05-29 10:30:55,7.5806,0,0,0,0,0,0,0.0132
2026-05-29 10:31:00,7.6207,0,0,0,0,0,0,0.0022
2026-05-29 10:31:05,34.2679,0,0,0,0,1,0,0.0033
2026-05-29 10:31:10,9.6842,0,0,0,0,0,0,0.0049
2026-05-29 10:31:15,8.3091,0,0,0,0,0,0,0.0026
2026-05-29 10:31:20,9.6613,0,0,0,0,0,0,0.0046
2026-05-29 10:31:25,9.3276,0,0,0,0,0,0,0.0031
2026-05-29 10:31:30,7.6613,0,0,0,0,0,0,0.0043
2026-05-29 10:31:35,10.3962,0,0,0,0,0,0,0.0027
2026-05-29 10:31:40,7.8033,0,0,0,0,0,0,0.0044
2026-05-29 10:31:45,7.8276,0,0,0,0,0,0,0.0034
2026-05-29 10:31:50,8.3548,0,0,0,0,0,0,0.0024
2026-05-29 10:31:55,7.8947,0,0,0,0,0,0,0.0126
2026-05-29 10:32:00,8.5357,0,0,0,0,0,0,0.013
2026-05-29 10:32:05,46.1636,0,0,0,0,1,0,0.0027
2026-05-29 10:32:10,10.7931,0,0,0,0,0,0,0.0038
2026-05-29 10:32:15,9.4032,0,0,0,0,0,0,0.0047
2026-05-29 10:32:20,7.9138,0,0,0,0,0,0,0.0026
2026-05-29 10:32:25,8.125,0,0,0,0,0,0,0.0026
2026-05-29 10:32:30,7.7,0,0,0,0,0,0,0.0043
2026-05-29 10:32:35,7.6724,0,0,0,0,0,0,0.0025
2026-05-29 10:32:40,7.7581,0,0,0,0,0,0,0.0033
2026-05-29 10:32:45,7.7759,0,0,0,0,0,0,0.0031
2026-05-29 10:32:50,8.55,0,0,0,0,0,0,0.0032
2026-05-29 10:32:55,8.537,0,0,0,0,0,0,0.0018
2026-05-29 10:33:00,8.9516,0,0,0,1,0,0,0.0061
2026-05-29 10:33:05,16.0,0,0,0,0,0,0,0.0025
2026-05-29 10:33:10,7.8167,0,0,0,1,0,0,0.0019
2026-05-29 10:33:15,7.678,0,0,0,1,0,0,0.0019
2026-05-29 10:33:20,7.9091,0,0,0,1,0,0,0.0026
2026-05-29 10:33:25,7.7419,0,0,0,1,0,0,0.0023
2026-05-29 10:33:30,7.9655,0,0,0,0,0,0,0.0022
2026-05-29 10:33:35,7.7419,0,0,0,0,0,0,0.0026
2026-05-29 10:33:40,8.6316,0,0,0,0,0,0,0.0017
2026-05-29 10:33:45,7.5091,0,0,0,0,0,0,0.0025
2026-05-29 10:33:50,8.3167,0,0,0,0,0,0,0.0026
2026-05-29 10:33:55,7.6667,0,0,0,0,0,0,0.002
2026-05-29 10:34:00,7.7333,0,0,0,0,0,0,0.002
2026-05-29 10:34:05,52.1296,0,0,0,0,1,0,0.006
2026-05-29 10:34:10,9.2034,0,0,0,0,0,0,0.0201
2026-05-29 10:34:15,10.9273,0,0,0,0,0,0,0.0151
2026-05-29 10:34:20,7.5,0,0,0,0,0,0,0.0072
2026-05-29 10:34:25,7.8814,0,0,0,0,0,0,0.0064
2026-05-29 10:34:30,7.7667,0,0,0,0,0,0,0.0045
2026-05-29 10:34:35,7.6667,0,0,0,0,0,0,0.0023
2026-05-29 10:34:40,9.2909,0,0,0,0,0,0,0.0013
2026-05-29 10:34:45,8.4032,0,0,0,0,0,0,0.0013
2026-05-29 10:34:50,7.8621,0,0,0,0,0,0,0.0014
2026-05-29 10:34:55,7.8475,0,0,0,0,0,0,0.0021
2026-05-29 10:35:00,7.75,0,0,0,0,0,0,0.0121
2026-05-29 10:35:05,50.1429,0,0,0,0,1,0,0.0013
2026-05-29 10:35:10,10.3871,0,0,0,0,0,0,0.0025
2026-05-29 10:35:15,9.6552,0,0,0,0,0,0,0.0017
2026-05-29 10:35:20,9.75,0,0,0,0,0,0,0.0017
2026-05-29 10:35:25,7.541,0,0,0,0,0,0,0.0023
2026-05-29 10:35:30,7.7018,0,0,0,0,0,0,0.0025
2026-05-29 10:35:35,7.9,0,0,0,0,0,0,0.0024
2026-05-29 10:35:40,8.0,0,0,0,0,0,0,0.0017
2026-05-29 10:35:45,7.8621,0,0,0,0,0,0,0.0017
2026-05-29 10:35:50,7.614,0,0,0,0,0,0,0.0022
2026-05-29 10:35:55,7.6066,0,0,0,0,0,0,0.0024
2026-05-29 10:36:00,7.6379,0,0,0,0,0,0,0.002
2026-05-29 10:36:05,19.4643,0,0,0,0,0,0,0.002
2026-05-29 10:36:10,10.2097,0,0,0,0,0,0,0.0018
2026-05-29 10:36:15,9.0,0,0,0,0,0,0,0.0136
2026-05-29 10:36:20,8.0526,0,0,0,0,0,0,0.0019
2026-05-29 10:36:25,8.1833,0,0,0,0,0,0,0.0024
2026-05-29 10:36:30,8.5333,0,0,0,1,0,0,0.0018
2026-05-29 10:36:35,9.0,0,0,0,1,0,0,0.0126
2026-05-29 10:36:40,8.4528,0,0,0,1,0,0,0.0126
2026-05-29 10:36:45,8.5574,0,0,0,1,0,0,0.0026
2026-05-29 10:36:50,9.9138,0,0,0,0,0,0,0.0017
2026-05-29 10:36:55,8.6935,0,0,0,0,0,0,0.0117
2026-05-29 10:37:00,8.5614,0,0,0,0,0,0,0.0117
2026-05-29 10:37:05,59.0204,0,0,0,0,1,0,0.0035
2026-05-29 10:37:10,8.4839,0,0,0,0,0,0,0.0046
2026-05-29 10:37:15,9.0172,0,0,0,0,0,0,0.0064
2026-05-29 10:37:20,9.9839,1,0,0,0,0,0,0.0042
2026-05-29 10:37:25,7.5714,1,0,0,0,0,0,0.0018
2026-05-29 10:37:30,9.569,1,0,0,1,0,0,0.0019
2026-05-29 10:37:35,7.8667,1,0,0,1,0,0,0.0019
2026-05-29 10:37:40,14.4912,1,0,0,1,0,0,0.0016
2026-05-29 10:37:45,9.0678,1,0,0,1,0,0,0.0333
2026-05-29 10:37:50,9.6607,1,0,0,1,0,0,0.0136
2026-05-29 10:37:55,7.7419,1,0,0,1,0,0,0.0015
2026-05-29 10:38:00,7.8966,1,0,0,1,0,0,0.0015
2026-05-29 10:38:05,72.6327,1,0,0,1,1,0,0.0021
2026-05-29 10:38:10,9.5323,1,0,0,0,0,0,0.0032
2026-05-29 10:38:15,11.1897,1,0,0,0,0,0,0.003
2026-05-29 10:38:20,16.1724,1,0,0,0,0,0,0.001
2026-05-29 10:38:25,9.6034,1,0,0,0,0,0,0.0018
2026-05-29 10:38:30,9.3871,1,0,0,0,0,0,0.001
2026-05-29 10:38:35,15.3396,1,0,0,0,0,0,0.0006
2026-05-29 10:38:40,10.4912,1,0,0,0,0,0,0.0007
2026-05-29 10:38:45,8.1613,1,0,0,0,0,0,0.0008
2026-05-29 10:38:50,7.6842,1,0,0,0,0,0,0.0007
2026-05-29 10:38:55,10.0164,1,0,0,0,0,0,0.0008
2026-05-29 10:39:00,8.1228,1,0,0,0,0,0,0.0011
2026-05-29 10:39:05,56.58,1,0,0,0,1,0,0.0005
2026-05-29 10:39:10,11.5161,1,0,0,0,0,0,0.0012
2026-05-29 10:39:15,15.9464,1,0,0,0,0,0,0.0015
2026-05-29 10:39:20,12.0328,1,0,0,0,0,0,0.0009
2026-05-29 10:39:25,11.4912,1,0,0,0,0,0,0.0011
2026-05-29 10:39:30,7.9661,1,0,0,0,0,0,0.0116
2026-05-29 10:39:35,8.0,1,0,0,0,0,0,0.0016
2026-05-29 10:39:40,9.8333,1,0,0,0,0,0,0.0008
2026-05-29 10:39:45,8.0847,1,0,0,0,0,0,0.002
2026-05-29 10:39:50,10.7018,1,0,0,0,0,0,0.0007
2026-05-29 10:39:55,8.8525,1,0,0,0,0,0,0.0024
2026-05-29 10:40:00,7.9649,1,0,0,0,0,0,0.0011
2026-05-29 10:40:05,64.42,1,0,0,0,1,0,0.0019
2026-05-29 10:40:10,9.8548,1,0,0,0,0,0,0.0019
2026-05-29 10:40:15,12.0517,1,0,0,0,0,0,0.0015
2026-05-29 10:40:20,9.55,1,0,0,0,0,0,0.0007
2026-05-29 10:40:25,10.75,1,0,0,0,0,0,0.0013
2026-05-29 10:40:30,9.7368,1,0,0,0,0,0,0.0013
2026-05-29 10:40:35,10.1967,1,0,0,0,0,0,0.0012
2026-05-29 10:40:40,12.4643,1,0,0,0,0,0,0.0006
2026-05-29 10:40:45,10.8833,1,0,0,0,0,0,0.0006
2026-05-29 10:40:50,9.25,1,0,0,0,0,0,0.0006
2026-05-29 10:40:55,9.629,1,0,0,0,0,0,0.001
2026-05-29 10:41:00,9.4655,1,0,0,0,0,0,0.0005
2026-05-29 10:41:05,45.7692,1,0,0,0,1,0,0.0005
2026-05-29 10:41:10,8.9375,1,0,0,0,0,0,0.002
2026-05-29 10:41:15,10.4808,1,0,0,0,0,0,0.0013
2026-05-29 10:41:20,9.629,1,0,0,0,0,0,0.0012
2026-05-29 10:41:25,12.931,1,0,0,0,0,0,0.0006
2026-05-29 10:41:30,8.4915,1,0,0,0,0,0,0.0008
2026-05-29 10:41:35,15.386,1,0,0,0,0,0,0.0007
2026-05-29 10:41:40,8.7679,1,0,0,0,0,0,0.0007
2026-05-29 10:41:45,11.0,1,0,0,0,0,0,0.0004
2026-05-29 10:41:50,10.0377,1,0,0,0,0,0,0.0011
2026-05-29 10:41:55,11.3115,1,0,0,0,0,0,0.0014
2026-05-29 10:42:00,11.6897,1,0,0,0,0,0,0.0006
2026-05-29 10:42:05,51.3061,1,0,0,0,1,0,0.0011
2026-05-29 10:42:10,13.8906,1,0,0,0,0,0,0.0019
2026-05-29 10:42:15,9.3571,1,0,0,0,0,0,0.0017
2026-05-29 10:42:20,9.0156,1,0,0,0,0,0,0.0017
2026-05-29 10:42:25,8.9423,1,0,0,0,0,0,0.0016
2026-05-29 10:42:30,9.2857,1,0,0,0,0,0,0.0012
2026-05-29 10:42:35,11.6406,1,0,0,0,0,0,0.0005
2026-05-29 10:42:40,14.1964,1,0,0,0,0,0,0.0014
2026-05-29 10:42:45,14.9667,1,0,0,0,0,0,0.0007
2026-05-29 10:42:50,12.5357,1,0,0,0,0,0,0.0008
2026-05-29 10:42:55,9.2364,1,0,0,0,0,0,0.0018
2026-05-29 10:43:00,12.5,1,0,0,0,0,0,0.0004
2026-05-29 10:43:05,55.4314,1,0,0,0,1,0,0.0019
2026-05-29 10:43:10,19.7541,1,0,0,0,0,0,0.0029
2026-05-29 10:43:15,9.7273,1,0,0,0,0,0,0.0017
2026-05-29 10:43:20,10.5357,1,0,0,0,0,0,0.0019
2026-05-29 10:43:25,14.8906,1,0,0,0,0,0,0.0013
2026-05-29 10:43:30,9.2692,1,0,0,0,0,0,0.002
2026-05-29 10:43:35,12.4375,1,0,0,0,0,0,0.0016
2026-05-29 10:43:40,8.6786,1,0,0,0,0,0,0.0019
2026-05-29 10:43:45,59.68,1,0,0,0,1,0,0.0018
2026-05-29 10:43:50,8.8594,1,0,0,0,0,0,0.0037
2026-05-29 10:43:55,13.037,1,0,0,0,0,0,0.0025
2026-05-29 10:44:00,10.2759,1,0,0,0,0,0,0.001
2026-05-29 10:44:05,130.9583,1,0,0,0,1,0,0.1014
2026-05-29 10:44:10,81.5417,1,0,0,0,1,0,0.0018
2026-05-29 10:44:15,9.25,1,0,0,0,0,0,0.0129
2026-05-29 10:44:20,9.9474,1,0,0,0,0,0,0.0019
2026-05-29 10:44:25,7.7797,1,0,0,0,0,0,0.0024
2026-05-29 10:44:30,16.4821,1,0,0,0,0,0,0.0017
2026-05-29 10:44:35,10.1379,1,0,0,0,0,0,0.0025
2026-05-29 10:44:40,11.2373,1,0,0,0,0,0,0.0019
2026-05-29 10:44:45,9.4667,1,0,0,0,0,0,0.0022
2026-05-29 10:44:50,11.7119,1,0,0,0,0,0,0.002
2026-05-29 10:44:55,9.4182,1,0,0,0,0,0,0.0018
2026-05-29 10:45:00,8.0,1,0,0,0,0,0,0.0009
2026-05-29 10:45:05,53.7255,1,0,0,0,1,0,0.0107
2026-05-29 10:45:10,14.55,1,0,0,0,0,0,0.0012
2026-05-29 10:45:15,11.1167,1,0,0,0,0,0,0.0012
2026-05-29 10:45:20,9.3704,1,0,0,0,0,0,0.0017
2026-05-29 10:45:25,8.9839,1,0,0,0,0,0,0.003
2026-05-29 10:45:30,10.1964,1,0,0,0,0,0,0.001
2026-05-29 10:45:35,8.4375,1,0,0,0,0,0,0.0017
2026-05-29 10:45:40,8.2727,1,0,0,0,0,0,0.0017
2026-05-29 10:45:45,9.45,1,0,0,0,0,0,0.0015
2026-05-29 10:45:50,9.9649,1,0,0,0,0,0,0.0008
2026-05-29 10:45:55,13.6667,1,0,0,0,0,0,0.0016
2026-05-29 10:46:00,10.2281,1,0,0,0,0,0,0.0018
2026-05-29 10:46:05,51.5091,1,0,0,0,1,0,0.0011
2026-05-29 10:46:10,18.5536,1,0,0,0,0,0,0.0021
2026-05-29 10:46:15,12.4483,1,0,0,0,0,0,0.0011
2026-05-29 10:46:20,10.1607,1,0,0,0,0,0,0.0014
2026-05-29 10:46:25,8.4219,1,0,0,0,0,0,0.0017
2026-05-29 10:46:30,16.1698,1,0,0,0,0,0,0.0012
2026-05-29 10:46:35,9.7143,1,0,0,0,0,0,0.002
2026-05-29 10:46:40,8.8929,1,0,0,0,0,0,0.0029
2026-05-29 10:46:45,8.0,1,0,0,0,0,0,0.0016
2026-05-29 10:46:50,8.7167,1,0,0,0,0,0,0.0016
2026-05-29 10:46:55,9.4821,1,0,0,0,0,0,0.0017
2026-05-29 10:47:00,7.5645,1,0,0,0,0,0,0.0106
2026-05-29 10:47:05,73.3725,1,0,0,0,1,0,0.0007
2026-05-29 10:47:10,48.3654,1,0,0,0,1,0,0.0018
2026-05-29 10:47:15,8.3906,1,0,0,0,0,0,0.0025
2026-05-29 10:47:20,8.5577,1,0,0,0,0,0,0.0016
2026-05-29 10:47:25,9.9677,1,0,0,0,0,0,0.0017
2026-05-29 10:47:30,8.6207,1,0,0,0,0,0,0.0017
2026-05-29 10:47:35,8.1452,1,0,0,0,0,0,0.0016
2026-05-29 10:47:40,8.7321,1,0,0,0,0,0,0.0025
2026-05-29 10:47:45,7.9444,1,0,0,0,0,0,0.0012
2026-05-29 10:47:50,7.7812,1,0,0,0,0,0,0.0008
2026-05-29 10:47:55,7.8214,1,0,0,0,0,0,0.0106
2026-05-29 10:48:00,7.4688,1,0,0,0,0,0,0.021
2026-05-29 10:48:05,58.3269,1,0,0,0,1,0,0.0033
2026-05-29 10:48:10,9.8393,1,0,0,0,0,0,0.0052
2026-05-29 10:48:15,7.85,1,0,0,0,0,0,0.0253
2026-05-29 10:48:20,9.8036,1,0,1,0,0,0,0.7187
2026-05-29 10:48:25,9.5625,1,0,0,0,0,0,0.0037
2026-05-29 10:48:30,8.7593,1,0,0,0,0,0,0.0037
2026-05-29 10:48:35,8.7812,1,0,0,0,0,0,0.0035
2026-05-29 10:48:40,8.8519,1,0,0,0,0,0,0.0138
2026-05-29 10:48:45,8.3387,1,0,0,0,0,0,0.0093
2026-05-29 10:48:50,8.1429,1,0,0,0,0,0,0.0216
2026-05-29 10:48:55,8.3621,1,0,0,0,0,0,0.0106
2026-05-29 10:49:00,8.3387,1,0,0,0,0,0,0.0053
2026-05-29 10:49:05,65.08,1,0,0,0,1,0,0.0193
2026-05-29 10:49:10,9.2903,1,0,0,0,0,0,0.0097
2026-05-29 10:49:15,8.7241,1,0,0,0,0,0,0.0503
2026-05-29 10:49:20,8.5714,1,0,0,0,0,0,0.0275
2026-05-29 10:49:25,8.4667,1,0,0,0,0,0,0.0454
2026-05-29 10:49:30,8.8214,1,0,0,0,0,0,0.3086
2026-05-29 10:49:35,8.5312,1,0,0,0,0,0,0.0119
2026-05-29 10:49:40,10.2778,1,0,0,0,0,0,0.0241
2026-05-29 10:49:45,9.4,1,0,0,0,0,0,0.0255
2026-05-29 10:49:50,8.1552,1,0,0,0,0,0,0.0227
2026-05-29 10:49:55,7.7581,1,0,0,0,0,0,0.0146
2026-05-29 10:50:00,8.0345,1,0,0,0,0,0,0.0167
2026-05-29 10:50:05,49.2115,1,0,0,0,1,0,0.0852
2026-05-29 10:50:10,8.9,1,0,0,0,0,0,0.035
2026-05-29 10:50:15,9.8393,1,0,0,0,0,0,0.0621
2026-05-29 10:50:20,8.8871,1,0,0,0,0,0,0.0373
2026-05-29 10:50:25,9.8276,1,0,0,0,0,0,0.4338
2026-05-29 10:50:30,8.661,1,0,0,0,0,0,0.0407
2026-05-29 10:50:35,8.4912,1,0,0,0,0,0,0.0462
2026-05-29 10:50:40,9.0,1,0,0,0,0,0,0.0257
2026-05-29 10:50:45,9.2656,1,0,0,0,0,0,0.0149
2026-05-29 10:50:50,8.7857,1,0,0,0,0,0,0.0695
2026-05-29 10:50:55,7.7258,1,0,0,0,0,0,0.0263
2026-05-29 10:51:00,7.9444,1,0,0,0,0,0,0.005
2026-05-29 10:51:05,39.2885,1,0,0,0,1,0,0.004
2026-05-29 10:51:10,9.0625,1,0,0,0,0,0,0.0039
2026-05-29 10:51:15,11.9643,1,0,0,0,0,0,0.0144
2026-05-29 10:51:20,9.1475,1,0,0,0,0,0,0.0035
2026-05-29 10:51:25,10.0,1,0,0,0,0,0,0.0033
2026-05-29 10:51:30,9.459,1,0,0,0,0,0,0.0034
2026-05-29 10:51:35,9.9655,1,0,0,0,0,0,0.0051
2026-05-29 10:51:40,11.1071,1,0,0,0,0,0,0.0043
2026-05-29 10:51:45,8.0164,1,0,0,0,0,0,0.0028
2026-05-29 10:51:50,7.8393,1,0,0,0,0,0,0.0019
2026-05-29 10:51:55,7.3968,1,0,1,0,0,0,0.6163
2026-05-29 10:52:00,8.625,1,0,0,0,0,0,0.0501
2026-05-29 10:52:05,52.0204,1,0,0,0,1,0,0.0033
2026-05-29 10:52:10,10.8281,1,0,0,0,0,0,0.0039
2026-05-29 10:52:15,10.6964,1,0,0,0,0,0,0.0024
2026-05-29 10:52:20,10.2812,1,0,0,0,0,0,0.0026
2026-05-29 10:52:25,10.5,1,0,0,0,0,0,0.0026
2026-05-29 10:52:30,11.5,1,0,0,0,0,0,0.0035
2026-05-29 10:52:35,12.1071,1,0,0,0,0,0,0.0035
2026-05-29 10:52:40,10.2241,1,0,0,0,0,0,0.0025
2026-05-29 10:52:45,10.8966,1,0,0,0,0,0,0.0035
2026-05-29 10:52:50,11.0536,1,0,0,0,0,0,0.0036
2026-05-29 10:52:55,9.875,1,0,0,0,0,0,0.0045
2026-05-29 10:53:00,8.4259,1,0,0,0,0,0,0.0025
2026-05-29 10:53:05,32.6774,1,0,0,0,1,0,0.003
2026-05-29 10:53:10,10.2308,1,0,0,0,0,0,0.0026
2026-05-29 10:53:15,11.8214,1,0,0,0,0,0,0.0031
2026-05-29 10:53:20,8.8906,1,0,0,0,0,0,0.0033
2026-05-29 10:53:25,9.75,1,0,0,0,0,0,0.0031
2026-05-29 10:53:30,9.5833,1,0,0,0,0,0,0.0031
2026-05-29 10:53:35,9.5714,1,0,0,0,0,0,0.0024
2026-05-29 10:53:40,7.5,1,0,0,0,0,0,0.0367
2026-05-29 10:53:45,7.9821,1,0,0,0,0,0,0.003
2026-05-29 10:53:50,8.1379,1,0,0,0,0,0,0.0018
2026-05-29 10:53:55,8.7241,1,0,0,0,0,0,0.0031
2026-05-29 10:54:00,9.4286,1,0,0,0,0,0,0.0119
2026-05-29 10:54:05,35.5,1,0,0,0,1,0,0.0048
2026-05-29 10:54:10,11.6964,1,0,0,0,0,0,0.0035
2026-05-29 10:54:15,11.254,1,0,0,0,0,0,0.002
2026-05-29 10:54:20,9.8679,1,0,0,0,0,0,0.0027
2026-05-29 10:54:25,9.9107,1,0,0,0,0,0,0.0725
2026-05-29 10:54:30,10.1094,1,0,0,0,0,0,0.0822
2026-05-29 10:54:35,110.1176,1,0,1,0,1,0,0.6681
2026-05-29 10:54:40,78.9375,1,0,0,0,1,0,0.0425
2026-05-29 10:54:45,8.2115,1,0,0,0,0,0,0.0141
2026-05-29 10:54:50,9.5,1,0,0,0,0,0,0.0031
2026-05-29 10:54:55,10.625,1,0,0,0,0,0,0.0339
2026-05-29 10:55:00,8.5781,1,0,0,0,0,0,0.0119
2026-05-29 10:55:05,57.3269,1,0,0,0,1,0,0.0024
2026-05-29 10:55:10,13.1887,1,0,0,0,0,0,0.0136
2026-05-29 10:55:15,8.4921,1,0,0,0,0,0,0.0145
2026-05-29 10:55:20,8.9286,1,0,0,0,0,0,0.0077
2026-05-29 10:55:25,10.9219,1,0,0,0,0,0,0.0232
2026-05-29 10:55:30,8.037,1,0,0,0,0,0,0.0536
2026-05-29 10:55:35,7.6667,1,0,0,0,0,0,0.4653
2026-05-29 10:55:40,7.8727,1,0,0,0,0,0,0.0341
2026-05-29 10:55:45,8.1129,1,0,0,0,0,0,0.0148
2026-05-29 10:55:50,7.6724,1,0,0,0,0,0,0.0321
2026-05-29 10:55:55,7.6102,1,0,0,0,0,0,0.0584
2026-05-29 10:56:00,8.2241,1,0,0,0,0,0,0.0119
2026-05-29 10:56:05,49.5882,1,0,0,0,1,0,0.0121
2026-05-29 10:56:10,8.371,1,0,0,0,0,0,0.0337
2026-05-29 10:56:15,8.431,1,0,0,0,0,0,0.036
2026-05-29 10:56:20,69.2692,1,0,0,0,1,0,0.0122
2026-05-29 10:56:25,8.0862,1,0,0,0,0,0,0.0027
2026-05-29 10:56:30,157.9375,1,1,1,0,1,0,0.7405
2026-05-29 10:56:35,13.8889,1,0,0,0,0,0,0.0195
2026-05-29 10:56:40,8.2143,1,0,0,0,0,0,0.0217
2026-05-29 10:56:45,7.875,1,0,0,0,0,0,0.0234
2026-05-29 10:56:50,14.4464,1,0,0,0,0,0,0.0121
2026-05-29 10:56:55,8.8033,1,0,0,0,0,0,0.0095
2026-05-29 10:57:00,10.3091,1,0,0,0,0,0,0.0092
2026-05-29 10:57:05,40.6923,1,0,0,0,1,0,0.0168
2026-05-29 10:57:10,13.0625,1,0,0,0,0,0,0.0092
2026-05-29 10:57:15,8.6909,1,0,0,0,0,0,0.0118
2026-05-29 10:57:20,7.9032,0,0,0,0,0,0,0.043
2026-05-29 10:57:25,9.1091,0,0,0,0,0,0,0.0146
2026-05-29 10:57:30,9.4194,0,0,0,0,0,0,0.0791
2026-05-29 10:57:35,9.569,0,0,0,0,0,0,0.0141
2026-05-29 10:57:40,9.6226,0,0,0,0,0,0,0.0293
2026-05-29 10:57:45,9.5,0,0,0,0,0,0,0.0287
2026-05-29 10:57:50,10.25,0,0,0,0,0,0,0.0213
2026-05-29 10:57:55,8.2222,0,0,1,0,0,0,0.6861
2026-05-29 10:58:00,10.283,0,0,0,0,0,0,0.0785
2026-05-29 10:58:05,46.3846,0,0,0,0,1,0,0.006
2026-05-29 10:58:10,10.6094,0,0,0,0,0,0,0.0058
2026-05-29 10:58:15,11.625,0,0,0,0,0,0,0.0067
2026-05-29 10:58:20,9.8387,0,0,0,0,0,0,0.0173
2026-05-29 10:58:25,71.7,0,0,0,0,1,0,0.0481
2026-05-29 10:58:30,56.8333,0,0,0,0,1,0,0.227
2026-05-29 10:58:35,10.5179,0,0,0,0,0,0,0.0168
2026-05-29 10:58:40,231.8409,0,1,0,0,1,0,0.1525
2026-05-29 10:58:45,50.9583,0,0,0,0,1,0,0.0268
2026-05-29 10:58:50,30.0938,0,0,0,0,1,0,0.0179
2026-05-29 10:58:55,10.5385,0,0,1,0,0,0,0.7264
2026-05-29 10:59:00,10.0714,0,0,0,0,0,0,0.0644
2026-05-29 10:59:05,33.9,0,0,0,0,1,0,0.0173
2026-05-29 10:59:10,10.4107,0,0,0,0,0,0,0.0141
2026-05-29 10:59:15,10.875,0,0,0,0,0,0,0.0058
2026-05-29 10:59:20,169.2222,0,0,0,0,1,0,0.0547
2026-05-29 10:59:25,40.9833,0,0,0,0,1,0,0.0155
2026-05-29 10:59:30,11.4808,0,0,0,0,0,0,0.0162
2026-05-29 10:59:35,8.0357,0,0,0,0,0,0,0.0175
2026-05-29 10:59:40,8.4531,0,0,0,0,0,0,0.0423
2026-05-29 10:59:45,9.5818,0,0,0,0,0,0,0.0089
2026-05-29 10:59:50,9.4754,0,0,0,0,0,0,0.0082
2026-05-29 10:59:55,8.8393,0,0,0,0,0,0,0.0081
2026-05-29 11:00:00,8.2344,0,0,0,0,0,0,0.018
2026-05-29 11:00:05,67.7692,0,0,0,0,1,0,0.0153
2026-05-29 11:00:10,58.098,0,0,0,0,1,0,0.0324
2026-05-29 11:00:15,10.7925,0,0,1,0,0,0,0.6477
2026-05-29 11:00:20,56.9667,0,0,0,0,1,0,0.0543
2026-05-29 11:00:25,11.3846,0,0,0,0,0,0,0.0396
2026-05-29 11:00:30,15.3571,0,0,0,0,0,0,0.0084
2026-05-29 11:00:35,9.1406,0,0,0,0,0,0,0.1491
2026-05-29 11:00:40,10.2857,0,0,0,0,0,0,0.0099
2026-05-29 11:00:45,13.15,0,0,0,0,0,0,0.0097
2026-05-29 11:00:50,9.6071,0,0,0,0,0,0,0.0298
2026-05-29 11:00:55,9.0156,0,0,0,0,0,0,0.1495
2026-05-29 11:01:00,9.3962,0,0,0,0,0,0,0.0081
2026-05-29 11:01:05,9.3793,0,0,0,0,0,0,0.0544
2026-05-29 11:01:10,9.4839,0,0,1,0,0,0,0.514
2026-05-29 11:01:15,9.5636,0,0,0,0,0,0,0.0112
2026-05-29 11:01:20,9.5,0,0,0,0,0,0,0.0112
2026-05-29 11:01:25,77.4286,0,0,0,0,1,0,0.0062
2026-05-29 11:01:30,12.5192,0,0,0,0,0,0,0.0161
2026-05-29 11:01:35,76.7963,0,0,0,0,1,0,0.0062
2026-05-29 11:01:40,11.8276,0,0,0,0,0,0,0.0192
2026-05-29 11:01:45,8.375,0,0,0,0,0,0,0.0135
2026-05-29 11:01:50,8.0625,0,0,0,0,0,0,0.0135
2026-05-29 11:01:55,10.0893,0,0,0,0,0,0,0.0168
2026-05-29 11:02:00,40.9259,0,0,0,0,1,0,0.0096
2026-05-29 11:02:05,36.2586,0,0,0,0,1,0,0.0115
2026-05-29 11:02:10,9.9623,0,0,0,0,0,0,0.0427
2026-05-29 11:02:15,9.193,0,0,0,0,0,0,0.0545
2026-05-29 11:02:20,9.2903,0,0,0,0,0,0,0.3852
2026-05-29 11:02:25,10.5345,0,0,0,0,0,0,0.028
2026-05-29 11:02:30,8.0339,0,0,0,0,0,0,0.0286
2026-05-29 11:02:35,8.5345,0,0,0,0,0,0,0.017
2026-05-29 11:02:40,8.2951,0,0,0,0,0,0,0.0164
2026-05-29 11:02:45,8.6607,0,0,0,0,0,0,0.0111
2026-05-29 11:02:50,8.2586,0,0,0,0,0,0,0.0111
2026-05-29 11:02:55,9.0678,0,0,0,0,0,0,0.0076
2026-05-29 11:03:00,8.6379,0,0,0,0,0,0,0.0062
2026-05-29 11:03:05,49.2281,0,0,0,0,1,0,0.0076
2026-05-29 11:03:10,11.0179,0,0,0,0,0,0,0.0105
2026-05-29 11:03:15,7.9844,0,0,0,0,0,0,0.0112
2026-05-29 11:03:20,65.7083,0,0,0,0,1,0,0.0076
2026-05-29 11:03:25,76.5192,0,0,0,0,1,0,0.0203
2026-05-29 11:03:30,16.1731,0,0,0,0,0,0,0.0064
2026-05-29 11:03:35,9.8281,0,0,0,0,0,0,0.0303
2026-05-29 11:03:40,11.5714,0,0,0,0,0,0,0.0095
2026-05-29 11:03:45,7.7636,0,0,0,0,0,0,0.01
2026-05-29 11:03:50,8.3115,0,0,0,0,0,0,0.017
2026-05-29 11:03:55,9.5517,0,0,0,0,0,0,0.0707
2026-05-29 11:04:00,7.5968,0,0,0,0,0,0,0.0486
2026-05-29 11:04:05,32.1964,0,0,0,0,1,0,0.028
2026-05-29 11:04:10,9.1639,0,0,0,0,0,0,0.0204
2026-05-29 11:04:15,8.3585,0,0,0,0,0,0,0.0241
2026-05-29 11:04:20,8.9167,0,0,0,0,0,0,0.0119
2026-05-29 11:04:25,8.95,0,0,0,0,0,0,0.0236
2026-05-29 11:04:30,8.65,0,0,0,0,0,0,0.0097
2026-05-29 11:04:35,10.1404,0,0,0,0,0,0,0.018
2026-05-29 11:04:40,9.193,0,0,0,0,0,0,0.0516
2026-05-29 11:04:45,7.6613,0,0,0,0,0,0,0.3952
2026-05-29 11:04:50,7.8793,0,0,0,0,0,0,0.0622
2026-05-29 11:04:55,8.0164,0,0,0,0,0,0,0.0132
2026-05-29 11:05:00,10.6964,0,0,0,0,0,0,0.0184
2026-05-29 11:05:05,36.5882,0,0,0,0,1,0,0.021
2026-05-29 11:05:10,13.5,0,0,0,0,0,0,0.0144
2026-05-29 11:05:15,8.4483,0,0,0,0,0,0,0.0241
2026-05-29 11:05:20,8.4032,0,0,0,0,0,0,0.0344
2026-05-29 11:05:25,8.5357,0,0,0,0,0,0,0.035
2026-05-29 11:05:30,9.5179,0,0,0,0,0,0,0.0119
2026-05-29 11:05:35,8.4167,0,0,0,0,0,0,0.0119
2026-05-29 11:05:40,8.4167,0,0,0,0,0,0,0.0234
2026-05-29 11:05:45,8.45,0,0,0,0,0,0,0.0129
2026-05-29 11:05:50,8.4655,0,0,0,0,0,0,0.0134
2026-05-29 11:05:55,8.5763,0,0,0,0,0,0,0.0251
2026-05-29 11:06:00,8.3333,0,0,0,0,0,0,0.022
2026-05-29 11:06:05,56.4231,0,0,0,0,1,0,0.0088
2026-05-29 11:06:10,8.35,0,0,0,0,0,0,0.0241
2026-05-29 11:06:15,7.9833,0,0,0,0,0,0,0.0113
2026-05-29 11:06:20,8.05,0,0,0,0,0,0,0.0272
2026-05-29 11:06:25,8.0545,0,0,0,0,0,0,0.0092
2026-05-29 11:06:30,9.5439,0,0,0,0,0,0,0.0225
2026-05-29 11:06:35,8.3065,0,0,0,0,0,0,0.0185
2026-05-29 11:06:40,8.4655,0,0,0,0,0,0,0.0487
2026-05-29 11:06:45,8.3226,0,0,0,0,0,0,0.0126
2026-05-29 11:06:50,9.5091,0,0,0,0,0,0,0.0169
2026-05-29 11:06:55,7.678,0,0,0,0,0,0,0.077
2026-05-29 11:07:00,7.8167,0,0,0,0,0,0,0.0224
2026-05-29 11:07:05,46.6923,0,0,0,0,1,0,0.0058
2026-05-29 11:07:10,8.5,0,0,0,0,0,0,0.0097
2026-05-29 11:07:15,8.6724,0,0,0,0,0,0,0.0065
2026-05-29 11:07:20,14.1607,0,0,0,0,0,0,0.005
2026-05-29 11:07:25,8.3667,0,0,0,0,0,0,0.0091
2026-05-29 11:07:30,8.55,0,0,0,0,0,0,0.007
2026-05-29 11:07:35,8.1,0,0,0,0,0,0,0.0252
2026-05-29 11:07:40,8.6296,0,0,0,0,0,0,0.0187
2026-05-29 11:07:45,8.1667,0,0,0,0,0,0,0.4316
2026-05-29 11:07:50,8.569,0,0,0,0,0,0,0.0219
2026-05-29 11:07:55,9.0968,0,0,0,0,0,0,0.0166
2026-05-29 11:08:00,7.9286,0,0,0,0,0,0,0.0484
2026-05-29 11:08:05,47.8103,0,0,0,0,1,0,0.0071
2026-05-29 11:08:10,11.3519,0,0,0,0,0,0,0.0101
2026-05-29 11:08:15,8.7241,0,0,0,0,0,0,0.0102
2026-05-29 11:08:20,8.4194,0,0,0,0,0,0,0.018
2026-05-29 11:08:25,8.5714,0,0,0,0,0,0,0.0085
2026-05-29 11:08:30,8.3871,0,0,0,0,0,0,0.0207
2026-05-29 11:08:35,8.6429,0,0,0,0,0,0,0.0083
2026-05-29 11:08:40,11.0667,0,0,0,0,0,0,0.0056
2026-05-29 11:08:45,7.7,0,0,0,0,0,0,0.0109
2026-05-29 11:08:50,7.7407,0,0,0,0,0,0,0.0081
2026-05-29 11:08:55,7.3968,0,0,1,0,0,0,0.7418
2026-05-29 11:09:00,7.9273,0,0,0,0,0,0,0.0108
2026-05-29 11:09:05,38.5893,0,0,0,0,1,0,0.0056
2026-05-29 11:09:10,10.55,0,0,0,0,0,0,0.0082
2026-05-29 11:09:15,7.8333,0,0,0,0,0,0,0.009
2026-05-29 11:09:20,7.7586,0,0,0,0,0,0,0.0075
2026-05-29 11:09:25,7.9074,0,0,0,0,0,0,0.0169
2026-05-29 11:09:30,7.8548,0,0,0,0,0,0,0.0183
2026-05-29 11:09:35,7.8448,0,0,0,0,0,0,0.0071
2026-05-29 11:09:40,10.5323,0,0,0,0,0,0,0.005
2026-05-29 11:09:45,7.9821,0,0,0,0,0,0,0.009
2026-05-29 11:09:50,7.5862,0,0,0,0,0,0,0.1174
2026-05-29 11:09:55,7.7,0,0,0,0,0,0,0.0066
2026-05-29 11:10:00,7.5833,0,0,0,0,0,0,0.4638
2026-05-29 11:10:05,20.1207,0,0,0,0,0,0,0.0384
2026-05-29 11:10:10,10.625,0,0,0,0,0,0,0.0229
2026-05-29 11:10:15,8.9492,0,0,0,0,0,0,0.0173
2026-05-29 11:10:20,7.7544,0,0,0,0,0,0,0.0588
2026-05-29 11:10:25,7.9516,0,0,0,0,0,0,0.0102
2026-05-29 11:10:30,7.5172,0,0,0,0,0,0,0.0724
2026-05-29 11:10:35,7.9831,0,0,0,0,0,0,0.0094
2026-05-29 11:10:40,8.7241,0,0,0,0,0,0,0.019
2026-05-29 11:10:45,7.7273,0,0,0,0,0,0,0.0231
2026-05-29 11:10:50,9.625,0,0,0,0,0,0,0.0212
2026-05-29 11:10:55,7.875,0,0,0,0,0,0,0.0385
2026-05-29 11:11:00,7.8571,0,0,0,0,0,0,0.0323
2026-05-29 11:11:05,62.4528,0,0,0,0,1,0,0.2329
2026-05-29 11:11:10,9.3462,0,0,1,0,0,0,0.5853
2026-05-29 11:11:15,9.4844,0,0,0,0,0,0,0.0894
2026-05-29 11:11:20,42.1154,0,0,0,0,1,0,0.0852
2026-05-29 11:11:25,9.2097,0,0,0,0,0,0,0.0283
2026-05-29 11:11:30,9.6034,0,0,0,0,0,0,0.0079
2026-05-29 11:11:35,7.9831,0,0,0,0,0,0,0.011
2026-05-29 11:11:40,7.6491,0,0,0,0,0,0,0.0437
2026-05-29 11:11:45,7.75,0,0,0,0,0,0,0.0105
2026-05-29 11:11:50,8.2188,0,0,0,0,0,0,0.0055
2026-05-29 11:11:55,7.875,0,0,0,1,0,0,0.0228
2026-05-29 11:12:00,7.6349,0,0,0,1,0,0,0.0293
2026-05-29 11:12:05,60.8679,0,0,0,1,1,0,0.0143
2026-05-29 11:12:10,9.4038,0,0,0,0,0,0,0.0189
2026-05-29 11:12:15,7.8281,0,0,0,0,0,0,0.0172
2026-05-29 11:12:20,40.3462,0,0,0,0,1,0,0.0053
2026-05-29 11:12:25,12.9355,0,0,0,0,0,0,0.0067
2026-05-29 11:12:30,10.1207,0,0,0,0,0,0,0.0072
2026-05-29 11:12:35,12.0943,0,0,0,0,0,0,0.006
2026-05-29 11:12:40,9.3016,0,0,0,0,0,0,0.0176
2026-05-29 11:12:45,148.8163,0,1,0,0,1,0,0.1512
2026-05-29 11:12:50,132.1562,0,0,1,0,1,0,0.6612
2026-05-29 11:12:55,13.4375,0,0,0,0,0,0,0.0371
2026-05-29 11:13:00,8.4464,0,0,0,0,0,0,0.02
2026-05-29 11:13:05,33.95,0,0,0,0,1,0,0.0066
2026-05-29 11:13:10,11.6923,0,0,0,0,0,0,0.0066
2026-05-29 11:13:15,10.4643,0,0,0,0,0,0,0.0164
2026-05-29 11:13:20,9.2656,0,0,0,0,0,0,0.0075
2026-05-29 11:13:25,14.2222,0,0,0,0,0,0,0.0052
2026-05-29 11:13:30,8.625,0,0,0,0,0,0,0.0078
2026-05-29 11:13:35,8.5556,0,0,0,0,0,0,0.0067
2026-05-29 11:13:40,8.1719,0,0,0,0,0,0,0.0782
2026-05-29 11:13:45,10.375,0,0,0,0,0,0,0.0463
2026-05-29 11:13:50,9.3448,0,0,0,0,0,0,0.0373
2026-05-29 11:13:55,10.5862,0,0,0,0,0,0,0.0653
2026-05-29 11:14:00,8.6786,0,0,0,0,0,0,0.01
2026-05-29 11:14:05,45.1228,0,0,0,0,1,0,0.0
2026-05-29 11:14:10,9.8103,0,0,0,0,0,0,0.0
2026-05-29 11:14:15,9.0806,0,0,0,0,0,0,0.0
2026-05-29 11:14:20,7.9259,0,0,0,0,0,0,0.0
2026-05-29 11:14:25,9.9286,0,0,0,0,0,0,0.0
2026-05-29 11:14:30,8.8906,0,0,0,0,0,0,0.0
2026-05-29 11:14:35,7.9286,0,0,0,0,0,0,0.0
2026-05-29 11:14:40,7.9206,0,0,0,0,0,0,0.0
2026-05-29 11:14:45,9.4528,0,0,0,0,0,0,0.0
2026-05-29 11:14:50,9.371,0,0,0,0,0,0,0.0
2026-05-29 11:14:55,8.4483,0,0,0,0,0,0,0.0
2026-05-29 11:15:00,7.9677,0,0,0,0,0,0,0.0
2026-05-29 11:15:05,35.6296,0,0,0,0,1,0,0.0
2026-05-29 11:15:10,10.3818,0,0,0,0,0,0,0.0
2026-05-29 11:15:15,8.8136,0,0,0,0,0,0,0.0
2026-05-29 11:15:20,8.3448,0,0,0,0,0,0,0.0
2026-05-29 11:15:25,8.2742,0,0,0,0,0,0,0.0
2026-05-29 11:15:30,9.2931,0,0,0,0,0,0,0.0
2026-05-29 11:15:35,9.8036,0,0,0,0,0,0,0.0
2026-05-29 11:15:40,8.85,0,0,0,0,0,0,0.0
2026-05-29 11:15:45,7.8929,0,0,0,0,0,0,0.0
2026-05-29 11:15:50,7.5625,0,0,0,0,0,0,0.0
2026-05-29 11:15:55,8.0,0,0,0,0,0,0,0.0
2026-05-29 11:16:00,7.6613,0,0,0,0,0,0,0.0
2026-05-29 11:16:05,63.9,0,0,0,0,1,0,0.0
2026-05-29 11:16:10,22.8929,0,0,0,0,0,0,0.0
2026-05-29 11:16:15,9.1148,0,0,0,0,0,0,0.0
2026-05-29 11:16:20,9.7679,0,0,0,0,0,0,0.0
2026-05-29 11:16:25,10.4844,0,0,0,0,0,0,0.0
2026-05-29 11:16:30,9.75,0,0,0,0,0,0,0.0
2026-05-29 11:16:35,9.5172,0,0,0,0,0,0,0.0
2026-05-29 11:16:40,7.9483,0,0,0,0,0,0,0.0
2026-05-29 11:16:45,9.6429,0,0,0,0,0,0,0.0
2026-05-29 11:16:50,7.6719,0,0,0,0,0,0,0.0
2026-05-29 11:16:55,9.2321,0,0,0,0,0,0,0.0
2026-05-29 11:17:00,8.0328,0,0,0,0,0,0,0.0
2026-05-29 11:17:05,65.1765,0,1,0,0,1,0,0.0
2026-05-29 11:17:10,12.5,0,0,0,0,0,0,0.0
2026-05-29 11:17:15,9.3438,0,0,0,0,0,0,0.0
2026-05-29 11:17:20,8.375,0,0,0,0,0,0,0.0
2026-05-29 11:17:25,8.541,0,0,0,0,0,0,0.0
2026-05-29 11:17:30,9.7455,0,0,0,0,0,0,0.0
2026-05-29 11:17:35,9.2656,0,0,0,0,0,0,0.0
2026-05-29 11:17:40,10.4286,0,0,0,0,0,0,0.0
2026-05-29 11:17:45,12.6909,0,0,0,0,0,0,0.0
2026-05-29 11:17:50,8.7581,0,0,0,0,0,0,0.0
2026-05-29 11:17:55,8.4364,0,0,0,0,0,0,0.0
2026-05-29 11:18:00,8.2812,0,0,0,0,0,0,0.0
2026-05-29 11:18:05,86.898,0,0,0,0,1,0,0.0
2026-05-29 11:18:10,8.069,0,0,0,0,0,0,0.0
2026-05-29 11:18:15,8.2903,0,0,0,0,0,0,0.0
2026-05-29 11:18:20,9.6379,0,0,0,0,0,0,0.0
2026-05-29 11:18:25,8.55,0,0,0,0,0,0,0.0
2026-05-29 11:18:30,8.7778,0,0,0,0,0,0,0.0
2026-05-29 11:18:35,10.4219,0,0,0,0,0,0,0.0
2026-05-29 11:18:40,8.6964,0,0,0,0,0,0,0.0
2026-05-29 11:18:45,8.4194,0,0,0,0,0,0,0.0
2026-05-29 11:18:50,8.6071,0,0,0,0,0,0,0.0
2026-05-29 11:18:55,8.375,0,0,0,0,0,0,0.0
2026-05-29 11:19:00,9.8871,0,0,0,0,0,0,0.0
2026-05-29 11:19:05,72.08,0,0,0,0,1,0,0.0
2026-05-29 11:19:10,10.3833,0,0,0,0,0,0,0.0
2026-05-29 11:19:15,7.8167,0,0,0,0,0,0,0.0
2026-05-29 11:19:20,8.6667,0,0,0,0,0,0,0.0
2026-05-29 11:19:25,9.1579,0,0,0,0,0,0,0.0
2026-05-29 11:19:30,7.6667,0,0,0,0,0,0,0.0
2026-05-29 11:19:35,7.871,0,0,0,0,0,0,0.0
2026-05-29 11:19:40,8.3103,0,0,0,0,0,0,0.0
2026-05-29 11:19:45,7.871,0,0,0,0,0,0,0.0
2026-05-29 11:19:50,8.4643,0,0,0,0,0,0,0.0
2026-05-29 11:19:55,8.5536,0,0,0,0,0,0,0.0
2026-05-29 11:20:00,8.4,0,0,0,0,0,0,0.0
2026-05-29 11:20:05,37.2778,0,0,0,0,1,0,0.0
2026-05-29 11:20:10,8.129,0,0,0,0,0,0,0.0
2026-05-29 11:20:15,9.1379,0,0,0,0,0,0,0.0
2026-05-29 11:20:20,9.4483,0,0,0,0,0,0,0.0
2026-05-29 11:20:25,7.9821,0,0,0,0,0,0,0.0
2026-05-29 11:20:30,8.2,0,0,0,0,0,0,0.0
2026-05-29 11:20:35,7.7833,0,0,0,0,0,0,0.0
2026-05-29 11:20:40,9.0847,0,0,0,0,0,0,0.0
2026-05-29 11:20:45,9.4828,0,0,0,0,0,0,0.0
2026-05-29 11:20:50,7.7895,0,0,0,0,0,0,0.0
2026-05-29 11:20:55,8.0484,0,0,0,0,0,0,0.0
2026-05-29 11:21:00,8.431,0,0,0,0,0,0,0.0
2026-05-29 11:21:05,28.3636,0,0,0,0,1,0,0.0
2026-05-29 11:21:10,7.95,0,0,0,0,0,0,0.0
2026-05-29 11:21:15,8.3036,0,0,0,0,0,0,0.0
2026-05-29 11:21:20,7.8167,0,0,0,0,0,0,0.0
2026-05-29 11:21:25,7.55,0,0,0,0,0,0,0.0
2026-05-29 11:21:30,8.55,0,0,0,0,0,0,0.0
2026-05-29 11:21:35,13.5965,0,0,0,0,0,0,0.0
2026-05-29 11:21:40,8.5273,0,0,0,0,0,0,0.0
2026-05-29 11:21:45,8.4167,0,0,0,0,0,0,0.0
2026-05-29 11:21:50,8.85,0,0,0,0,0,0,0.0
2026-05-29 11:21:55,8.2,0,0,0,0,0,0,0.0
2026-05-29 11:22:00,7.4035,0,0,0,0,0,0,0.0
2026-05-29 11:22:05,54.0784,0,0,0,0,1,0,0.0
2026-05-29 11:22:10,18.7333,0,0,0,0,0,0,0.0
2026-05-29 11:22:15,10.4062,0,0,0,0,0,0,0.0
